Order_ID,Date,Month,Quarter,Year,Region,SalesRep_ID,SalesRep_Name,Channel,Customer_Segment,Category,Sub_Category,Quantity,Unit_Price,Discount_%,Revenue,COGS,Gross_Profit,Gross_Margin_%,Return_Flag
ORD10001,2024-07-12,Jul-2024,Q3-2024,2024,Central,SR005,Vikram Singh,Online,Consumer,Electronics,Laptops,8,30624.75,0.15,208248.3,89702.65,118545.65,56.93,No
ORD10002,2023-07-23,Jul-2023,Q3-2023,2023,South,SR002,Priya Patel,Direct Sales,Enterprise,Electronics,Laptops,7,31286.26,0.1,197103.44,80410.48,116692.96,59.2,No
ORD10003,2023-08-09,Aug-2023,Q3-2023,2023,North,SR001,Amit Sharma,Wholesale,Enterprise,Food & Beverage,Dairy,6,588.7,0,3532.2,1707.33,1824.87,51.66,No
ORD10004,2024-04-15,Apr-2024,Q2-2024,2024,North,SR006,Deepa Nair,Online,SMB,Clothing,Shirts,12,3216.77,0.2,30880.99,12754.93,18126.06,58.7,No
ORD10005,2024-11-08,Nov-2024,Q4-2024,2024,Central,SR010,Ananya Das,Retail Store,SMB,Food & Beverage,Dairy,12,504.15,0.15,5142.33,2164.23,2978.1,57.91,No
ORD10006,2024-01-15,Jan-2024,Q1-2024,2024,South,SR007,Arjun Mehta,Wholesale,Enterprise,Furniture,Chairs,9,12975.03,0.2,93420.22,47592.9,45827.32,49.06,No
ORD10007,2024-10-17,Oct-2024,Q4-2024,2024,West,SR009,Suresh Kumar,Retail Store,Consumer,Electronics,Phones,8,26438.17,0.05,200930.09,96644.23,104285.86,51.9,No
ORD10008,2024-08-03,Aug-2024,Q3-2024,2024,North,SR001,Amit Sharma,Wholesale,Enterprise,Electronics,Phones,11,43081.54,0,473896.94,219554.01,254342.93,53.67,No
ORD10009,2023-09-27,Sep-2023,Q3-2023,2023,East,SR003,Rahul Verma,Direct Sales,Consumer,Clothing,Shoes,9,1128.34,0.15,8631.8,4906.41,3725.39,43.16,No
ORD10010,2023-04-23,Apr-2023,Q2-2023,2023,East,SR003,Rahul Verma,Retail Store,Consumer,Office Supplies,Paper,17,272.08,0.2,3700.29,1532.42,2167.87,58.59,No
ORD10011,2024-07-20,Jul-2024,Q3-2024,2024,South,SR007,Arjun Mehta,Online,Consumer,Clothing,Shirts,13,3181.5,0.05,39291.53,21953.53,17338,44.13,No
ORD10012,2023-09-27,Sep-2023,Q3-2023,2023,North,SR006,Deepa Nair,Retail Store,Consumer,Food & Beverage,Dairy,4,305.45,0,1221.8,655.03,566.77,46.39,No
ORD10013,2024-06-27,Jun-2024,Q2-2024,2024,East,SR003,Rahul Verma,Online,Consumer,Office Supplies,Paper,12,393.13,0.1,4245.8,2912.83,1332.97,31.4,No
ORD10014,2023-09-03,Sep-2023,Q3-2023,2023,South,SR002,Priya Patel,Online,Enterprise,Clothing,Shirts,12,4454.25,0.2,42760.8,27453.82,15306.98,35.8,Yes
ORD10015,2023-05-12,May-2023,Q2-2023,2023,East,SR008,Kavita Rao,Direct Sales,Consumer,Electronics,Laptops,3,83458.91,0.1,225339.06,141907.35,83431.71,37.02,No
ORD10016,2023-11-16,Nov-2023,Q4-2023,2023,West,SR004,Sneha Gupta,Direct Sales,Consumer,Office Supplies,Staplers,18,389.87,0.15,5965.01,2745.96,3219.05,53.97,No
ORD10017,2024-07-21,Jul-2024,Q3-2024,2024,South,SR002,Priya Patel,Retail Store,Consumer,Clothing,Shoes,8,1511.14,0,12089.12,4911.93,7177.19,59.37,No
ORD10018,2023-03-14,Mar-2023,Q1-2023,2023,North,SR001,Amit Sharma,Retail Store,SMB,Electronics,Laptops,8,19718.02,0,157744.16,103778.4,53965.76,34.21,No
ORD10019,2024-02-21,Feb-2024,Q1-2024,2024,Central,SR010,Ananya Das,Retail Store,Enterprise,Furniture,Desks,19,13398.76,0.2,203661.15,110362.32,93298.83,45.81,No
ORD10020,2024-10-31,Oct-2024,Q4-2024,2024,South,SR007,Arjun Mehta,Online,Enterprise,Clothing,Jackets,14,2601.61,0.15,30959.16,12886.79,18072.37,58.37,No
ORD10021,2023-07-07,Jul-2023,Q3-2023,2023,West,SR004,Sneha Gupta,Wholesale,SMB,Office Supplies,Pens,7,135.59,0.05,901.67,398.59,503.08,55.79,No
ORD10022,2023-04-06,Apr-2023,Q2-2023,2023,West,SR009,Suresh Kumar,Retail Store,Enterprise,Electronics,Accessories,4,18541.18,0.1,66748.25,43440.31,23307.94,34.92,No
ORD10023,2024-02-04,Feb-2024,Q1-2024,2024,West,SR004,Sneha Gupta,Wholesale,SMB,Clothing,Shoes,13,4560.99,0,59292.87,30458.27,28834.6,48.63,No
ORD10024,2024-07-09,Jul-2024,Q3-2024,2024,East,SR003,Rahul Verma,Online,Consumer,Clothing,Shoes,7,1835.19,0,12846.33,7370.63,5475.7,42.62,No
ORD10025,2023-02-28,Feb-2023,Q1-2023,2023,Central,SR010,Ananya Das,Online,Enterprise,Electronics,Laptops,16,50199.53,0.2,642553.98,359404.76,283149.22,44.07,No
ORD10026,2024-08-31,Aug-2024,Q3-2024,2024,West,SR004,Sneha Gupta,Online,Consumer,Food & Beverage,Snacks,13,183.92,0.1,2151.86,1019.69,1132.17,52.61,No
ORD10027,2024-02-10,Feb-2024,Q1-2024,2024,Central,SR005,Vikram Singh,Retail Store,Consumer,Clothing,Jackets,7,3513.77,0,24596.39,11599.8,12996.59,52.84,No
ORD10028,2023-03-17,Mar-2023,Q1-2023,2023,South,SR002,Priya Patel,Retail Store,Consumer,Clothing,Jackets,1,2562.28,0.1,2306.05,1611.53,694.52,30.12,No
ORD10029,2024-07-10,Jul-2024,Q3-2024,2024,South,SR002,Priya Patel,Wholesale,Consumer,Furniture,Cabinets,8,11129.6,0,89036.8,47319.09,41717.71,46.85,Yes
ORD10030,2023-06-09,Jun-2023,Q2-2023,2023,South,SR002,Priya Patel,Wholesale,SMB,Electronics,Tablets,5,33512.61,0,167563.05,104345.7,63217.35,37.73,Yes
ORD10031,2023-02-22,Feb-2023,Q1-2023,2023,West,SR004,Sneha Gupta,Online,Consumer,Furniture,Cabinets,9,14119,0,127071,85341,41730,32.84,No
ORD10032,2023-06-15,Jun-2023,Q2-2023,2023,North,SR001,Amit Sharma,Direct Sales,Consumer,Office Supplies,Pens,11,397,0.15,3711.95,2575.87,1136.08,30.61,No
ORD10033,2024-07-12,Jul-2024,Q3-2024,2024,South,SR002,Priya Patel,Online,SMB,Food & Beverage,Snacks,3,761.54,0.15,1941.93,1303.38,638.55,32.88,Yes
ORD10034,2023-02-10,Feb-2023,Q1-2023,2023,South,SR007,Arjun Mehta,Wholesale,Enterprise,Food & Beverage,Beverages,5,129.28,0,646.4,432.89,213.51,33.03,No
ORD10035,2023-08-31,Aug-2023,Q3-2023,2023,West,SR009,Suresh Kumar,Retail Store,Enterprise,Electronics,Tablets,14,83168.59,0.15,989706.22,441771.21,547935.01,55.36,No
ORD10036,2023-09-12,Sep-2023,Q3-2023,2023,North,SR006,Deepa Nair,Wholesale,Enterprise,Electronics,Phones,14,71156.46,0.2,796952.35,494522.69,302429.66,37.95,No
ORD10037,2023-08-22,Aug-2023,Q3-2023,2023,East,SR008,Kavita Rao,Retail Store,Enterprise,Clothing,Shirts,8,1398.08,0.05,10625.41,5364.74,5260.67,49.51,No
ORD10038,2024-06-05,Jun-2024,Q2-2024,2024,Central,SR005,Vikram Singh,Direct Sales,Consumer,Clothing,Jackets,3,4851,0,14553,7354.27,7198.73,49.47,Yes
ORD10039,2024-09-02,Sep-2024,Q3-2024,2024,South,SR002,Priya Patel,Direct Sales,SMB,Office Supplies,Pens,9,130.36,0,1173.24,482.76,690.48,58.85,No
ORD10040,2023-01-02,Jan-2023,Q1-2023,2023,South,SR007,Arjun Mehta,Retail Store,SMB,Clothing,Shirts,19,1355.35,0,25751.65,15776.38,9975.27,38.74,No
ORD10041,2023-11-04,Nov-2023,Q4-2023,2023,Central,SR010,Ananya Das,Wholesale,Consumer,Electronics,Tablets,11,61437.12,0,675808.32,416248.1,259560.22,38.41,No
ORD10042,2024-01-24,Jan-2024,Q1-2024,2024,Central,SR005,Vikram Singh,Retail Store,Consumer,Office Supplies,Staplers,18,107.28,0.05,1834.49,1099.74,734.75,40.05,Yes
ORD10043,2024-08-16,Aug-2024,Q3-2024,2024,West,SR009,Suresh Kumar,Wholesale,SMB,Office Supplies,Staplers,1,186.74,0,186.74,98.78,87.96,47.1,No
ORD10044,2024-11-05,Nov-2024,Q4-2024,2024,West,SR009,Suresh Kumar,Online,SMB,Clothing,Trousers,16,4071.81,0.2,52119.17,32354.98,19764.19,37.92,Yes
ORD10045,2023-05-31,May-2023,Q2-2023,2023,South,SR002,Priya Patel,Online,Enterprise,Food & Beverage,Dairy,8,570.96,0,4567.68,2932.31,1635.37,35.8,No
ORD10046,2024-12-14,Dec-2024,Q4-2024,2024,East,SR008,Kavita Rao,Direct Sales,SMB,Clothing,Shirts,14,4487.62,0.1,56544.01,25915.85,30628.16,54.17,No
ORD10047,2024-12-13,Dec-2024,Q4-2024,2024,North,SR001,Amit Sharma,Direct Sales,Enterprise,Furniture,Desks,4,20125.25,0,80501,36448.12,44052.88,54.72,Yes
ORD10048,2024-07-26,Jul-2024,Q3-2024,2024,East,SR008,Kavita Rao,Wholesale,SMB,Furniture,Chairs,5,20631.17,0.15,87682.47,49044.27,38638.2,44.07,Yes
ORD10049,2024-04-05,Apr-2024,Q2-2024,2024,West,SR009,Suresh Kumar,Wholesale,Enterprise,Food & Beverage,Bakery,15,728.05,0.15,9282.64,6112.14,3170.5,34.16,No
ORD10050,2023-10-06,Oct-2023,Q4-2023,2023,West,SR004,Sneha Gupta,Wholesale,SMB,Food & Beverage,Bakery,9,407.91,0.15,3120.51,1515.69,1604.82,51.43,Yes
ORD10051,2023-03-07,Mar-2023,Q1-2023,2023,East,SR003,Rahul Verma,Direct Sales,SMB,Electronics,Phones,8,41812.47,0,334499.76,204689.01,129810.75,38.81,No
ORD10052,2024-08-21,Aug-2024,Q3-2024,2024,South,SR007,Arjun Mehta,Online,Consumer,Food & Beverage,Bakery,2,244.78,0.05,465.08,240.37,224.71,48.32,No
ORD10053,2024-03-05,Mar-2024,Q1-2024,2024,North,SR006,Deepa Nair,Retail Store,SMB,Clothing,Shirts,10,3890.64,0.2,31125.12,20775.78,10349.34,33.25,No
ORD10054,2024-02-19,Feb-2024,Q1-2024,2024,East,SR008,Kavita Rao,Retail Store,SMB,Office Supplies,Staplers,1,224.99,0.15,191.24,115.46,75.78,39.63,No
ORD10055,2024-03-14,Mar-2024,Q1-2024,2024,South,SR007,Arjun Mehta,Retail Store,SMB,Food & Beverage,Snacks,19,495.07,0,9406.33,3999.42,5406.91,57.48,No
ORD10056,2024-01-24,Jan-2024,Q1-2024,2024,South,SR007,Arjun Mehta,Wholesale,SMB,Electronics,Tablets,11,29816.22,0,327978.42,164399.24,163579.18,49.87,No
ORD10057,2023-03-12,Mar-2023,Q1-2023,2023,North,SR001,Amit Sharma,Online,Enterprise,Electronics,Accessories,18,18645.99,0,335627.82,156827.69,178800.13,53.27,No
ORD10058,2024-07-31,Jul-2024,Q3-2024,2024,Central,SR010,Ananya Das,Retail Store,SMB,Furniture,Chairs,5,8247.99,0.05,39177.95,23539.59,15638.36,39.92,No
ORD10059,2023-06-17,Jun-2023,Q2-2023,2023,Central,SR010,Ananya Das,Wholesale,Enterprise,Office Supplies,Paper,20,483.68,0.15,8222.56,3571.55,4651.01,56.56,Yes
ORD10060,2024-08-29,Aug-2024,Q3-2024,2024,Central,SR010,Ananya Das,Retail Store,Enterprise,Electronics,Tablets,13,42765.81,0.15,472562.2,217141.83,255420.37,54.05,No
ORD10061,2023-03-12,Mar-2023,Q1-2023,2023,Central,SR010,Ananya Das,Wholesale,Enterprise,Food & Beverage,Snacks,2,343.04,0.05,651.78,390.06,261.72,40.15,No
ORD10062,2023-06-06,Jun-2023,Q2-2023,2023,South,SR007,Arjun Mehta,Direct Sales,Enterprise,Clothing,Shirts,12,3360.13,0.2,32257.25,17351.88,14905.37,46.21,Yes
ORD10063,2023-09-09,Sep-2023,Q3-2023,2023,East,SR008,Kavita Rao,Online,SMB,Office Supplies,Staplers,14,421.58,0.1,5311.91,2552.47,2759.44,51.95,No
ORD10064,2023-11-29,Nov-2023,Q4-2023,2023,Central,SR010,Ananya Das,Retail Store,SMB,Furniture,Sofas,20,17700.15,0,354003,144649.17,209353.83,59.14,No
ORD10065,2024-07-23,Jul-2024,Q3-2024,2024,North,SR006,Deepa Nair,Online,Consumer,Office Supplies,Binders,9,446.14,0.15,3412.97,2266.32,1146.65,33.6,No
ORD10066,2024-10-23,Oct-2024,Q4-2024,2024,South,SR007,Arjun Mehta,Direct Sales,SMB,Electronics,Phones,16,53862.33,0,861797.28,523268.49,338528.79,39.28,No
ORD10067,2024-01-13,Jan-2024,Q1-2024,2024,West,SR004,Sneha Gupta,Direct Sales,Consumer,Electronics,Tablets,13,63425.1,0,824526.3,494046.27,330480.03,40.08,Yes
ORD10068,2023-09-15,Sep-2023,Q3-2023,2023,West,SR009,Suresh Kumar,Retail Store,Enterprise,Office Supplies,Staplers,11,208.31,0.05,2176.84,1047.66,1129.18,51.87,No
ORD10069,2024-08-26,Aug-2024,Q3-2024,2024,West,SR009,Suresh Kumar,Wholesale,Enterprise,Office Supplies,Pens,6,136.19,0.15,694.57,378.72,315.85,45.47,No
ORD10070,2023-10-08,Oct-2023,Q4-2023,2023,North,SR006,Deepa Nair,Online,Enterprise,Office Supplies,Paper,6,186.02,0.15,948.7,531.5,417.2,43.98,Yes
ORD10071,2024-05-05,May-2024,Q2-2024,2024,East,SR008,Kavita Rao,Direct Sales,SMB,Office Supplies,Paper,4,442.72,0.1,1593.79,773.47,820.32,51.47,No
ORD10072,2024-08-13,Aug-2024,Q3-2024,2024,East,SR008,Kavita Rao,Online,Enterprise,Electronics,Tablets,4,72548.1,0.05,275682.78,150942.93,124739.85,45.25,No
ORD10073,2024-09-02,Sep-2024,Q3-2024,2024,South,SR002,Priya Patel,Retail Store,Consumer,Food & Beverage,Dairy,8,182.92,0.2,1170.69,614.44,556.25,47.51,No
ORD10074,2023-03-03,Mar-2023,Q1-2023,2023,Central,SR005,Vikram Singh,Online,Enterprise,Clothing,Shoes,19,4955.14,0,94147.66,53719.6,40428.06,42.94,No
ORD10075,2024-02-23,Feb-2024,Q1-2024,2024,East,SR003,Rahul Verma,Direct Sales,Consumer,Office Supplies,Pens,8,128.22,0,1025.76,458.47,567.29,55.3,Yes
ORD10076,2024-04-09,Apr-2024,Q2-2024,2024,North,SR001,Amit Sharma,Online,Consumer,Clothing,Jackets,8,1796.47,0,14371.76,8779.65,5592.11,38.91,No
ORD10077,2023-09-30,Sep-2023,Q3-2023,2023,South,SR007,Arjun Mehta,Retail Store,Enterprise,Office Supplies,Paper,4,295.05,0.15,1003.17,446.11,557.06,55.53,No
ORD10078,2024-12-06,Dec-2024,Q4-2024,2024,Central,SR010,Ananya Das,Wholesale,Consumer,Furniture,Cabinets,19,23266.24,0.05,419955.63,183649.16,236306.47,56.27,No
ORD10079,2024-09-10,Sep-2024,Q3-2024,2024,East,SR008,Kavita Rao,Wholesale,Enterprise,Office Supplies,Staplers,3,319.12,0.05,909.49,564.21,345.28,37.96,No
ORD10080,2024-06-15,Jun-2024,Q2-2024,2024,Central,SR005,Vikram Singh,Direct Sales,SMB,Furniture,Chairs,19,3885.1,0.2,59053.52,26725.1,32328.42,54.74,No
ORD10081,2024-11-17,Nov-2024,Q4-2024,2024,East,SR008,Kavita Rao,Online,Enterprise,Food & Beverage,Bakery,3,429.01,0.05,1222.68,611.33,611.35,50,No
ORD10082,2023-04-01,Apr-2023,Q2-2023,2023,Central,SR005,Vikram Singh,Wholesale,SMB,Clothing,Shoes,13,4161.05,0.1,48684.29,20009.69,28674.6,58.9,No
ORD10083,2023-02-25,Feb-2023,Q1-2023,2023,West,SR009,Suresh Kumar,Retail Store,Consumer,Electronics,Accessories,1,61036.23,0.1,54932.61,29586.31,25346.3,46.14,No
ORD10084,2023-10-22,Oct-2023,Q4-2023,2023,East,SR008,Kavita Rao,Direct Sales,Consumer,Food & Beverage,Bakery,2,242.49,0.1,436.48,191.75,244.73,56.07,No
ORD10085,2024-07-19,Jul-2024,Q3-2024,2024,Central,SR010,Ananya Das,Direct Sales,Enterprise,Electronics,Laptops,8,64684.8,0,517478.4,292505.55,224972.85,43.47,No
ORD10086,2024-12-23,Dec-2024,Q4-2024,2024,South,SR002,Priya Patel,Wholesale,SMB,Electronics,Accessories,5,49886.29,0.15,212016.73,103370.55,108646.18,51.24,No
ORD10087,2024-06-04,Jun-2024,Q2-2024,2024,East,SR008,Kavita Rao,Retail Store,Enterprise,Clothing,Trousers,18,1150.89,0,20716.02,14015.64,6700.38,32.34,No
ORD10088,2024-08-24,Aug-2024,Q3-2024,2024,West,SR009,Suresh Kumar,Direct Sales,Enterprise,Clothing,Jackets,9,4192.47,0,37732.23,23311.55,14420.68,38.22,No
ORD10089,2023-11-26,Nov-2023,Q4-2023,2023,North,SR006,Deepa Nair,Retail Store,Consumer,Food & Beverage,Bakery,11,486.34,0.1,4814.77,2470.76,2344.01,48.68,No
ORD10090,2024-01-26,Jan-2024,Q1-2024,2024,West,SR004,Sneha Gupta,Direct Sales,Consumer,Food & Beverage,Bakery,14,130.55,0.15,1553.55,841.86,711.69,45.81,No
ORD10091,2024-03-26,Mar-2024,Q1-2024,2024,East,SR003,Rahul Verma,Online,Consumer,Clothing,Shirts,17,4844.09,0,82349.53,54425.64,27923.89,33.91,No
ORD10092,2023-12-13,Dec-2023,Q4-2023,2023,South,SR007,Arjun Mehta,Direct Sales,Consumer,Electronics,Phones,5,20237.98,0.2,80951.92,55918.44,25033.48,30.92,No
ORD10093,2023-08-29,Aug-2023,Q3-2023,2023,North,SR006,Deepa Nair,Wholesale,Enterprise,Office Supplies,Staplers,16,442.57,0,7081.12,4144.14,2936.98,41.48,No
ORD10094,2023-02-17,Feb-2023,Q1-2023,2023,South,SR002,Priya Patel,Wholesale,Enterprise,Clothing,Shirts,15,1248.64,0,18729.6,12568.07,6161.53,32.9,No
ORD10095,2023-07-04,Jul-2023,Q3-2023,2023,South,SR007,Arjun Mehta,Retail Store,Enterprise,Office Supplies,Binders,5,159.89,0.05,759.48,432.74,326.74,43.02,No
ORD10096,2024-04-17,Apr-2024,Q2-2024,2024,Central,SR010,Ananya Das,Wholesale,SMB,Food & Beverage,Bakery,8,448.37,0.1,3228.26,1429.91,1798.35,55.71,No
ORD10097,2024-08-24,Aug-2024,Q3-2024,2024,Central,SR005,Vikram Singh,Wholesale,Consumer,Electronics,Accessories,18,26058.29,0.05,445596.76,304596.88,140999.88,31.64,No
ORD10098,2023-08-31,Aug-2023,Q3-2023,2023,Central,SR005,Vikram Singh,Direct Sales,Consumer,Office Supplies,Staplers,7,499.72,0.2,2798.43,1525.04,1273.39,45.5,No
ORD10099,2023-01-09,Jan-2023,Q1-2023,2023,Central,SR005,Vikram Singh,Online,Consumer,Food & Beverage,Dairy,1,784.56,0.15,666.88,345.94,320.94,48.13,No
ORD10100,2024-11-25,Nov-2024,Q4-2024,2024,Central,SR010,Ananya Das,Retail Store,Consumer,Office Supplies,Paper,12,148.55,0,1782.6,1045.08,737.52,41.37,No
ORD10101,2023-10-30,Oct-2023,Q4-2023,2023,East,SR008,Kavita Rao,Wholesale,Consumer,Electronics,Tablets,2,55570.17,0.15,94469.29,41512.03,52957.26,56.06,No
ORD10102,2023-10-07,Oct-2023,Q4-2023,2023,East,SR003,Rahul Verma,Retail Store,SMB,Furniture,Desks,18,22282.13,0,401078.34,224305.35,176772.99,44.07,No
ORD10103,2023-08-20,Aug-2023,Q3-2023,2023,South,SR002,Priya Patel,Direct Sales,Consumer,Office Supplies,Binders,15,483.3,0,7249.5,4539.97,2709.53,37.38,No
ORD10104,2024-11-19,Nov-2024,Q4-2024,2024,North,SR001,Amit Sharma,Wholesale,Consumer,Electronics,Accessories,9,52560.06,0.05,449388.51,229446.85,219941.66,48.94,No
ORD10105,2024-09-16,Sep-2024,Q3-2024,2024,West,SR004,Sneha Gupta,Retail Store,Consumer,Office Supplies,Pens,16,61.26,0.1,882.14,439.66,442.48,50.16,No
ORD10106,2024-05-19,May-2024,Q2-2024,2024,South,SR007,Arjun Mehta,Online,Enterprise,Clothing,Jackets,4,1129,0,4516,2218.75,2297.25,50.87,No
ORD10107,2024-07-07,Jul-2024,Q3-2024,2024,South,SR007,Arjun Mehta,Direct Sales,Consumer,Food & Beverage,Beverages,15,359.71,0.15,4586.3,2792.81,1793.49,39.11,No
ORD10108,2024-01-15,Jan-2024,Q1-2024,2024,East,SR008,Kavita Rao,Retail Store,SMB,Clothing,Shirts,20,2336.52,0,46730.4,19150.81,27579.59,59.02,No
ORD10109,2024-02-12,Feb-2024,Q1-2024,2024,South,SR002,Priya Patel,Wholesale,Enterprise,Furniture,Cabinets,12,14978.25,0.15,152778.15,77550.52,75227.63,49.24,No
ORD10110,2023-09-07,Sep-2023,Q3-2023,2023,West,SR004,Sneha Gupta,Retail Store,Consumer,Clothing,Shirts,20,4869.92,0,97398.4,61949.12,35449.28,36.4,No
ORD10111,2023-06-01,Jun-2023,Q2-2023,2023,Central,SR010,Ananya Das,Online,SMB,Electronics,Phones,7,71913.71,0,503395.97,250977.05,252418.92,50.14,No
ORD10112,2024-01-02,Jan-2024,Q1-2024,2024,East,SR003,Rahul Verma,Retail Store,Consumer,Furniture,Cabinets,4,17543.27,0,70173.08,30843.94,39329.14,56.05,No
ORD10113,2023-03-07,Mar-2023,Q1-2023,2023,Central,SR005,Vikram Singh,Direct Sales,SMB,Electronics,Phones,2,23873.1,0.05,45358.89,25302.35,20056.54,44.22,No
ORD10114,2024-11-05,Nov-2024,Q4-2024,2024,East,SR008,Kavita Rao,Wholesale,SMB,Food & Beverage,Snacks,17,255.08,0.1,3902.72,1611.86,2290.86,58.7,No
ORD10115,2024-03-30,Mar-2024,Q1-2024,2024,South,SR007,Arjun Mehta,Online,Enterprise,Electronics,Accessories,14,63026.82,0.05,838256.71,514455.24,323801.47,38.63,No
ORD10116,2024-12-30,Dec-2024,Q4-2024,2024,South,SR002,Priya Patel,Wholesale,SMB,Food & Beverage,Beverages,5,292.51,0.15,1243.17,715.58,527.59,42.44,Yes
ORD10117,2023-04-28,Apr-2023,Q2-2023,2023,East,SR008,Kavita Rao,Retail Store,SMB,Food & Beverage,Dairy,17,523.8,0,8904.6,5680.5,3224.1,36.21,No
ORD10118,2024-03-13,Mar-2024,Q1-2024,2024,North,SR006,Deepa Nair,Wholesale,Consumer,Furniture,Sofas,15,11772.06,0.15,150093.76,64319.04,85774.72,57.15,No
ORD10119,2023-04-09,Apr-2023,Q2-2023,2023,East,SR008,Kavita Rao,Wholesale,Enterprise,Office Supplies,Paper,3,91.05,0,273.15,116.9,156.25,57.2,Yes
ORD10120,2024-03-09,Mar-2024,Q1-2024,2024,South,SR002,Priya Patel,Online,SMB,Electronics,Tablets,14,39751.87,0.15,473047.25,322778.57,150268.68,31.77,Yes
ORD10121,2023-08-18,Aug-2023,Q3-2023,2023,South,SR002,Priya Patel,Online,SMB,Office Supplies,Binders,19,278.34,0,5288.46,3157.32,2131.14,40.3,Yes
ORD10122,2024-09-28,Sep-2024,Q3-2024,2024,Central,SR005,Vikram Singh,Online,Consumer,Office Supplies,Pens,19,151.77,0.05,2739.45,1790.36,949.09,34.65,No
ORD10123,2023-05-27,May-2023,Q2-2023,2023,Central,SR005,Vikram Singh,Direct Sales,Enterprise,Electronics,Phones,10,79507.63,0,795076.3,319486.89,475589.41,59.82,No
ORD10124,2024-01-14,Jan-2024,Q1-2024,2024,West,SR009,Suresh Kumar,Wholesale,Consumer,Electronics,Laptops,7,41333.61,0.05,274868.51,138057.88,136810.63,49.77,No
ORD10125,2023-03-25,Mar-2023,Q1-2023,2023,North,SR001,Amit Sharma,Wholesale,SMB,Food & Beverage,Snacks,5,210.19,0.1,945.86,392.46,553.4,58.51,No
ORD10126,2024-03-16,Mar-2024,Q1-2024,2024,South,SR007,Arjun Mehta,Online,SMB,Clothing,Shoes,9,1470.06,0.1,11907.49,5169.58,6737.91,56.59,Yes
ORD10127,2023-07-29,Jul-2023,Q3-2023,2023,North,SR001,Amit Sharma,Wholesale,Enterprise,Clothing,Jackets,8,2278.69,0.1,16406.57,6832.26,9574.31,58.36,No
ORD10128,2023-05-13,May-2023,Q2-2023,2023,North,SR006,Deepa Nair,Direct Sales,Consumer,Office Supplies,Binders,4,53.48,0.15,181.83,96.22,85.61,47.08,No
ORD10129,2024-04-15,Apr-2024,Q2-2024,2024,South,SR002,Priya Patel,Online,SMB,Food & Beverage,Dairy,13,703.24,0,9142.12,4853.24,4288.88,46.91,Yes
ORD10130,2023-06-25,Jun-2023,Q2-2023,2023,South,SR007,Arjun Mehta,Direct Sales,Consumer,Clothing,Shoes,10,1018.28,0,10182.8,7024.71,3158.09,31.01,No
ORD10131,2024-02-10,Feb-2024,Q1-2024,2024,South,SR002,Priya Patel,Wholesale,Consumer,Electronics,Accessories,8,45497.36,0.05,345779.94,192664.7,153115.24,44.28,No
ORD10132,2023-07-18,Jul-2023,Q3-2023,2023,East,SR003,Rahul Verma,Wholesale,SMB,Furniture,Cabinets,3,14230.63,0,42691.89,23872.51,18819.38,44.08,No
ORD10133,2024-11-02,Nov-2024,Q4-2024,2024,East,SR003,Rahul Verma,Online,Enterprise,Furniture,Chairs,9,7339.98,0.1,59453.84,26508.14,32945.7,55.41,No
ORD10134,2024-03-26,Mar-2024,Q1-2024,2024,Central,SR010,Ananya Das,Online,SMB,Clothing,Shoes,20,1954.44,0.15,33225.48,16441.35,16784.13,50.52,No
ORD10135,2024-04-07,Apr-2024,Q2-2024,2024,Central,SR010,Ananya Das,Online,Enterprise,Office Supplies,Binders,2,208.37,0,416.74,205.5,211.24,50.69,No
ORD10136,2024-07-21,Jul-2024,Q3-2024,2024,South,SR002,Priya Patel,Online,SMB,Office Supplies,Pens,20,317.34,0.05,6029.46,3248.75,2780.71,46.12,Yes
ORD10137,2023-12-18,Dec-2023,Q4-2023,2023,Central,SR010,Ananya Das,Online,Consumer,Furniture,Cabinets,16,14030.08,0,224481.28,120132.71,104348.57,46.48,No
ORD10138,2024-01-17,Jan-2024,Q1-2024,2024,East,SR008,Kavita Rao,Wholesale,SMB,Electronics,Phones,15,51684.8,0.1,697744.8,312327.22,385417.58,55.24,No
ORD10139,2023-10-18,Oct-2023,Q4-2023,2023,North,SR006,Deepa Nair,Wholesale,Consumer,Office Supplies,Pens,3,198.36,0.1,535.57,323.22,212.35,39.65,Yes
ORD10140,2024-11-02,Nov-2024,Q4-2024,2024,South,SR002,Priya Patel,Direct Sales,Enterprise,Furniture,Cabinets,19,17599.47,0,334389.93,164877.48,169512.45,50.69,Yes
ORD10141,2024-11-17,Nov-2024,Q4-2024,2024,West,SR009,Suresh Kumar,Online,Consumer,Electronics,Tablets,13,60044.53,0,780578.89,502658.02,277920.87,35.6,No
ORD10142,2024-05-12,May-2024,Q2-2024,2024,North,SR001,Amit Sharma,Retail Store,Enterprise,Food & Beverage,Dairy,12,316.21,0,3794.52,1906.82,1887.7,49.75,No
ORD10143,2024-06-23,Jun-2024,Q2-2024,2024,Central,SR005,Vikram Singh,Online,Consumer,Furniture,Chairs,4,14169.17,0.1,51009.01,33183.19,17825.82,34.95,No
ORD10144,2024-10-01,Oct-2024,Q4-2024,2024,Central,SR010,Ananya Das,Retail Store,Consumer,Food & Beverage,Beverages,13,207.98,0,2703.74,1755.82,947.92,35.06,No
ORD10145,2024-04-04,Apr-2024,Q2-2024,2024,North,SR006,Deepa Nair,Retail Store,Consumer,Electronics,Accessories,8,82871.2,0.1,596672.64,289671.67,307000.97,51.45,No
ORD10146,2024-04-17,Apr-2024,Q2-2024,2024,West,SR004,Sneha Gupta,Wholesale,SMB,Office Supplies,Staplers,12,355.24,0.1,3836.59,2667.7,1168.89,30.47,Yes
ORD10147,2023-02-23,Feb-2023,Q1-2023,2023,East,SR003,Rahul Verma,Direct Sales,SMB,Food & Beverage,Bakery,7,660.88,0,4626.16,3062.06,1564.1,33.81,Yes
ORD10148,2024-06-09,Jun-2024,Q2-2024,2024,Central,SR005,Vikram Singh,Retail Store,SMB,Electronics,Laptops,3,68418.18,0,205254.54,109769.26,95485.28,46.52,No
ORD10149,2023-08-30,Aug-2023,Q3-2023,2023,North,SR006,Deepa Nair,Direct Sales,Enterprise,Furniture,Sofas,1,12127.73,0.05,11521.34,6343.67,5177.67,44.94,No
ORD10150,2023-05-30,May-2023,Q2-2023,2023,North,SR006,Deepa Nair,Retail Store,Enterprise,Furniture,Chairs,4,21461.88,0.15,72970.39,36528.04,36442.35,49.94,No
ORD10151,2023-08-09,Aug-2023,Q3-2023,2023,East,SR008,Kavita Rao,Retail Store,Consumer,Clothing,Trousers,15,3269.07,0,49036.05,19893.98,29142.07,59.43,Yes
ORD10152,2024-03-05,Mar-2024,Q1-2024,2024,South,SR002,Priya Patel,Direct Sales,Enterprise,Food & Beverage,Bakery,10,266.35,0,2663.5,1103.55,1559.95,58.57,No
ORD10153,2023-01-02,Jan-2023,Q1-2023,2023,West,SR009,Suresh Kumar,Wholesale,Enterprise,Clothing,Shirts,19,1588.72,0,30185.68,14711.94,15473.74,51.26,Yes
ORD10154,2024-07-11,Jul-2024,Q3-2024,2024,South,SR002,Priya Patel,Online,SMB,Clothing,Trousers,17,4885.95,0,83061.15,56981.7,26079.45,31.4,No
ORD10155,2023-12-20,Dec-2023,Q4-2023,2023,North,SR006,Deepa Nair,Retail Store,Consumer,Electronics,Accessories,9,67312.16,0,605809.44,385631.64,220177.8,36.34,No
ORD10156,2023-06-29,Jun-2023,Q2-2023,2023,East,SR003,Rahul Verma,Direct Sales,Consumer,Food & Beverage,Dairy,2,346.61,0,693.22,446.47,246.75,35.59,No
ORD10157,2023-07-24,Jul-2023,Q3-2023,2023,South,SR002,Priya Patel,Online,SMB,Furniture,Desks,15,3813.64,0,57204.6,23633.62,33570.98,58.69,No
ORD10158,2023-10-20,Oct-2023,Q4-2023,2023,West,SR009,Suresh Kumar,Wholesale,Enterprise,Food & Beverage,Bakery,16,277.32,0.2,3549.7,2108.77,1440.93,40.59,No
ORD10159,2024-01-31,Jan-2024,Q1-2024,2024,North,SR006,Deepa Nair,Wholesale,Enterprise,Office Supplies,Pens,14,450.27,0.15,5358.21,2850.14,2508.07,46.81,No
ORD10160,2024-03-16,Mar-2024,Q1-2024,2024,West,SR009,Suresh Kumar,Retail Store,Consumer,Clothing,Jackets,9,4105.17,0.15,31404.55,16561.19,14843.36,47.26,No
ORD10161,2024-03-12,Mar-2024,Q1-2024,2024,South,SR002,Priya Patel,Retail Store,Consumer,Office Supplies,Pens,11,347.41,0,3821.51,2039.83,1781.68,46.62,No
ORD10162,2023-02-28,Feb-2023,Q1-2023,2023,North,SR001,Amit Sharma,Online,Consumer,Office Supplies,Staplers,12,326.68,0.05,3724.15,1796.41,1927.74,51.76,No
ORD10163,2023-02-05,Feb-2023,Q1-2023,2023,North,SR001,Amit Sharma,Retail Store,Enterprise,Office Supplies,Paper,5,431.9,0.15,1835.58,1164.48,671.1,36.56,No
ORD10164,2024-01-15,Jan-2024,Q1-2024,2024,South,SR007,Arjun Mehta,Wholesale,SMB,Office Supplies,Binders,19,64.57,0,1226.83,740.66,486.17,39.63,No
ORD10165,2023-04-27,Apr-2023,Q2-2023,2023,West,SR009,Suresh Kumar,Online,Consumer,Food & Beverage,Beverages,12,378.62,0.15,3861.92,1867.65,1994.27,51.64,No
ORD10166,2023-08-08,Aug-2023,Q3-2023,2023,West,SR009,Suresh Kumar,Wholesale,Consumer,Clothing,Shoes,4,1678,0,6712,4102.45,2609.55,38.88,No
ORD10167,2023-03-31,Mar-2023,Q1-2023,2023,East,SR003,Rahul Verma,Wholesale,Consumer,Furniture,Chairs,3,12944.94,0.15,33009.6,17611.72,15397.88,46.65,No
ORD10168,2024-01-06,Jan-2024,Q1-2024,2024,Central,SR005,Vikram Singh,Retail Store,Enterprise,Electronics,Tablets,6,64826.64,0.15,330615.86,195496.47,135119.39,40.87,No
ORD10169,2024-07-18,Jul-2024,Q3-2024,2024,East,SR008,Kavita Rao,Retail Store,Consumer,Furniture,Desks,1,10939.72,0.1,9845.75,5027.96,4817.79,48.93,No
ORD10170,2024-08-11,Aug-2024,Q3-2024,2024,South,SR007,Arjun Mehta,Online,Enterprise,Electronics,Tablets,16,51798.7,0.2,663023.36,346648.54,316374.82,47.72,No
ORD10171,2024-10-17,Oct-2024,Q4-2024,2024,East,SR008,Kavita Rao,Retail Store,Enterprise,Electronics,Accessories,17,39116.03,0.2,531978.01,337316.02,194661.99,36.59,No
ORD10172,2024-12-27,Dec-2024,Q4-2024,2024,South,SR002,Priya Patel,Retail Store,SMB,Food & Beverage,Snacks,17,207.11,0,3520.87,1579.43,1941.44,55.14,Yes
ORD10173,2024-10-02,Oct-2024,Q4-2024,2024,Central,SR005,Vikram Singh,Wholesale,Consumer,Office Supplies,Pens,7,335.78,0.1,2115.41,1020.34,1095.07,51.77,Yes
ORD10174,2024-09-11,Sep-2024,Q3-2024,2024,Central,SR010,Ananya Das,Wholesale,Consumer,Electronics,Phones,19,25793.6,0.15,416566.64,244667.82,171898.82,41.27,No
ORD10175,2024-03-02,Mar-2024,Q1-2024,2024,North,SR001,Amit Sharma,Online,SMB,Electronics,Laptops,19,33525.91,0,636992.29,401361.01,235631.28,36.99,Yes
ORD10176,2024-04-09,Apr-2024,Q2-2024,2024,East,SR008,Kavita Rao,Online,Consumer,Office Supplies,Binders,8,412.11,0.15,2802.35,1462.34,1340.01,47.82,No
ORD10177,2023-11-17,Nov-2023,Q4-2023,2023,South,SR007,Arjun Mehta,Wholesale,Consumer,Furniture,Sofas,16,13217.73,0,211483.68,123083.1,88400.58,41.8,No
ORD10178,2023-05-06,May-2023,Q2-2023,2023,North,SR006,Deepa Nair,Wholesale,SMB,Clothing,Trousers,17,3027.43,0,51466.31,24318.93,27147.38,52.75,No
ORD10179,2023-09-12,Sep-2023,Q3-2023,2023,North,SR001,Amit Sharma,Retail Store,SMB,Furniture,Chairs,10,23798.47,0.2,190387.76,111303.2,79084.56,41.54,Yes
ORD10180,2023-11-12,Nov-2023,Q4-2023,2023,East,SR003,Rahul Verma,Direct Sales,Enterprise,Office Supplies,Paper,16,498.19,0.05,7572.49,4162.05,3410.44,45.04,No
ORD10181,2024-05-21,May-2024,Q2-2024,2024,West,SR004,Sneha Gupta,Direct Sales,SMB,Clothing,Shoes,7,3125.05,0,21875.35,9081.82,12793.53,58.48,Yes
ORD10182,2024-02-17,Feb-2024,Q1-2024,2024,South,SR007,Arjun Mehta,Wholesale,Enterprise,Electronics,Laptops,5,76771.9,0.15,326280.58,166316.07,159964.51,49.03,No
ORD10183,2024-07-17,Jul-2024,Q3-2024,2024,North,SR006,Deepa Nair,Wholesale,Consumer,Electronics,Phones,18,35202.12,0.05,601956.25,331844.43,270111.82,44.87,Yes
ORD10184,2024-01-10,Jan-2024,Q1-2024,2024,South,SR002,Priya Patel,Retail Store,Enterprise,Electronics,Phones,13,41123.88,0,534610.44,303310.99,231299.45,43.27,Yes
ORD10185,2024-04-30,Apr-2024,Q2-2024,2024,West,SR009,Suresh Kumar,Direct Sales,Enterprise,Food & Beverage,Bakery,2,131.71,0,263.42,161.76,101.66,38.59,Yes
ORD10186,2023-11-03,Nov-2023,Q4-2023,2023,North,SR006,Deepa Nair,Wholesale,Consumer,Food & Beverage,Beverages,20,322.97,0.05,6136.43,4278.23,1858.2,30.28,Yes
ORD10187,2024-11-20,Nov-2024,Q4-2024,2024,Central,SR010,Ananya Das,Online,SMB,Food & Beverage,Bakery,10,432.42,0,4324.2,2207.54,2116.66,48.95,Yes
ORD10188,2024-08-15,Aug-2024,Q3-2024,2024,Central,SR010,Ananya Das,Retail Store,Consumer,Office Supplies,Pens,16,169.49,0.15,2305.06,1463.42,841.64,36.51,No
ORD10189,2024-01-25,Jan-2024,Q1-2024,2024,East,SR003,Rahul Verma,Retail Store,Consumer,Food & Beverage,Bakery,17,540.32,0.1,8266.9,5227.84,3039.06,36.76,No
ORD10190,2024-12-08,Dec-2024,Q4-2024,2024,West,SR004,Sneha Gupta,Retail Store,SMB,Electronics,Laptops,1,45872.7,0.05,43579.06,19411.39,24167.67,55.46,Yes
ORD10191,2024-11-09,Nov-2024,Q4-2024,2024,North,SR001,Amit Sharma,Direct Sales,Consumer,Food & Beverage,Bakery,5,463.08,0.1,2083.86,1036.75,1047.11,50.25,No
ORD10192,2024-11-28,Nov-2024,Q4-2024,2024,East,SR008,Kavita Rao,Wholesale,Consumer,Office Supplies,Paper,18,204.05,0,3672.9,2213.88,1459.02,39.72,No
ORD10193,2024-12-22,Dec-2024,Q4-2024,2024,Central,SR005,Vikram Singh,Retail Store,Consumer,Furniture,Desks,18,9566.98,0,172205.64,108722.42,63483.22,36.86,No
ORD10194,2023-10-22,Oct-2023,Q4-2023,2023,North,SR006,Deepa Nair,Online,Consumer,Office Supplies,Staplers,18,470.17,0.2,6770.45,4173.98,2596.47,38.35,Yes
ORD10195,2023-03-22,Mar-2023,Q1-2023,2023,North,SR006,Deepa Nair,Wholesale,SMB,Clothing,Shoes,5,1807.04,0,9035.2,6203.52,2831.68,31.34,No
ORD10196,2023-05-21,May-2023,Q2-2023,2023,West,SR004,Sneha Gupta,Online,Consumer,Clothing,Trousers,18,1720.1,0.1,27865.62,16966.02,10899.6,39.11,Yes
ORD10197,2024-02-28,Feb-2024,Q1-2024,2024,North,SR001,Amit Sharma,Wholesale,Consumer,Furniture,Desks,17,7964.78,0,135401.26,56292.71,79108.55,58.43,No
ORD10198,2024-05-02,May-2024,Q2-2024,2024,North,SR001,Amit Sharma,Direct Sales,Consumer,Electronics,Phones,18,83453.75,0,1502167.5,784239.94,717927.56,47.79,No
ORD10199,2023-08-26,Aug-2023,Q3-2023,2023,Central,SR005,Vikram Singh,Online,Enterprise,Office Supplies,Binders,2,458.57,0,917.14,546.33,370.81,40.43,No
ORD10200,2023-10-24,Oct-2023,Q4-2023,2023,South,SR007,Arjun Mehta,Online,Enterprise,Furniture,Chairs,16,7098.86,0.15,96544.5,66484.35,30060.15,31.14,No
ORD10201,2024-05-20,May-2024,Q2-2024,2024,North,SR006,Deepa Nair,Retail Store,Consumer,Food & Beverage,Snacks,10,418.04,0.15,3553.34,2000.5,1552.84,43.7,No
ORD10202,2023-07-10,Jul-2023,Q3-2023,2023,South,SR002,Priya Patel,Online,Consumer,Office Supplies,Paper,11,123.12,0.05,1286.6,764.87,521.73,40.55,No
ORD10203,2024-06-11,Jun-2024,Q2-2024,2024,East,SR003,Rahul Verma,Wholesale,Enterprise,Office Supplies,Paper,20,435.27,0.05,8270.13,5359.85,2910.28,35.19,No
ORD10204,2024-01-28,Jan-2024,Q1-2024,2024,East,SR003,Rahul Verma,Retail Store,SMB,Electronics,Phones,16,37652.12,0,602433.92,242207.98,360225.94,59.8,No
ORD10205,2023-08-30,Aug-2023,Q3-2023,2023,Central,SR010,Ananya Das,Online,Consumer,Office Supplies,Binders,19,55.15,0.15,890.67,452.34,438.33,49.21,No
ORD10206,2024-12-07,Dec-2024,Q4-2024,2024,East,SR003,Rahul Verma,Online,Consumer,Clothing,Jackets,13,3587.33,0.15,39640,25010.95,14629.05,36.9,No
ORD10207,2024-09-12,Sep-2024,Q3-2024,2024,West,SR004,Sneha Gupta,Wholesale,SMB,Office Supplies,Paper,5,265.18,0.05,1259.61,786.4,473.21,37.57,Yes
ORD10208,2024-06-24,Jun-2024,Q2-2024,2024,West,SR004,Sneha Gupta,Wholesale,Enterprise,Clothing,Trousers,20,4429.11,0,88582.2,49398.04,39184.16,44.23,Yes
ORD10209,2023-12-02,Dec-2023,Q4-2023,2023,West,SR009,Suresh Kumar,Direct Sales,Enterprise,Electronics,Laptops,17,29150.97,0.1,446009.84,198454.63,247555.21,55.5,No
ORD10210,2024-06-09,Jun-2024,Q2-2024,2024,South,SR002,Priya Patel,Direct Sales,SMB,Food & Beverage,Bakery,17,411.84,0,7001.28,3752.89,3248.39,46.4,Yes
ORD10211,2023-08-12,Aug-2023,Q3-2023,2023,Central,SR005,Vikram Singh,Online,Enterprise,Electronics,Accessories,1,42716.41,0.2,34173.13,13700.17,20472.96,59.91,No
ORD10212,2024-04-28,Apr-2024,Q2-2024,2024,West,SR009,Suresh Kumar,Online,SMB,Office Supplies,Pens,2,470.56,0,941.12,654.87,286.25,30.42,No
ORD10213,2024-01-22,Jan-2024,Q1-2024,2024,South,SR007,Arjun Mehta,Direct Sales,Enterprise,Furniture,Desks,12,24842.85,0.05,283208.49,151392.25,131816.24,46.54,Yes
ORD10214,2023-08-17,Aug-2023,Q3-2023,2023,South,SR002,Priya Patel,Online,Enterprise,Furniture,Cabinets,6,24842.63,0.05,141602.99,79106.9,62496.09,44.13,No
ORD10215,2023-06-08,Jun-2023,Q2-2023,2023,West,SR009,Suresh Kumar,Wholesale,Enterprise,Clothing,Shoes,13,4205.12,0,54666.56,29420.86,25245.7,46.18,No
ORD10216,2023-02-04,Feb-2023,Q1-2023,2023,Central,SR010,Ananya Das,Direct Sales,Consumer,Electronics,Accessories,1,31846.64,0,31846.64,13702.62,18144.02,56.97,No
ORD10217,2023-02-27,Feb-2023,Q1-2023,2023,South,SR007,Arjun Mehta,Retail Store,Consumer,Furniture,Chairs,15,8155.46,0,122331.9,76618.39,45713.51,37.37,No
ORD10218,2023-11-06,Nov-2023,Q4-2023,2023,Central,SR010,Ananya Das,Retail Store,Consumer,Furniture,Cabinets,20,19995.84,0.2,319933.44,158750.82,161182.62,50.38,Yes
ORD10219,2023-06-29,Jun-2023,Q2-2023,2023,Central,SR005,Vikram Singh,Direct Sales,Consumer,Furniture,Sofas,9,4341.07,0.1,35162.67,23344.99,11817.68,33.61,No
ORD10220,2023-11-04,Nov-2023,Q4-2023,2023,South,SR007,Arjun Mehta,Direct Sales,Enterprise,Electronics,Tablets,17,37311.41,0.05,602579.27,314834.26,287745.01,47.75,Yes
ORD10221,2023-03-01,Mar-2023,Q1-2023,2023,West,SR004,Sneha Gupta,Direct Sales,SMB,Clothing,Trousers,10,4358.94,0,43589.4,27972.75,15616.65,35.83,Yes
ORD10222,2024-04-05,Apr-2024,Q2-2024,2024,South,SR007,Arjun Mehta,Wholesale,Enterprise,Food & Beverage,Beverages,8,278.5,0,2228,1323.46,904.54,40.6,Yes
ORD10223,2023-03-16,Mar-2023,Q1-2023,2023,Central,SR005,Vikram Singh,Retail Store,Consumer,Furniture,Chairs,13,17820.78,0.1,208503.13,85874.99,122628.14,58.81,Yes
ORD10224,2023-07-14,Jul-2023,Q3-2023,2023,West,SR004,Sneha Gupta,Online,Consumer,Furniture,Sofas,11,9670.14,0,106371.54,49307.71,57063.83,53.65,No
ORD10225,2024-04-22,Apr-2024,Q2-2024,2024,South,SR007,Arjun Mehta,Wholesale,SMB,Furniture,Desks,8,15145.74,0.2,96932.74,47004.41,49928.33,51.51,No
ORD10226,2023-11-24,Nov-2023,Q4-2023,2023,East,SR008,Kavita Rao,Retail Store,SMB,Office Supplies,Staplers,4,411.27,0.15,1398.32,756.28,642.04,45.92,No
ORD10227,2024-08-21,Aug-2024,Q3-2024,2024,Central,SR010,Ananya Das,Direct Sales,SMB,Clothing,Shirts,8,3835.64,0,30685.12,14674.61,16010.51,52.18,No
ORD10228,2024-11-01,Nov-2024,Q4-2024,2024,West,SR004,Sneha Gupta,Wholesale,SMB,Furniture,Cabinets,13,15535.37,0,201959.81,111035.57,90924.24,45.02,No
ORD10229,2023-07-08,Jul-2023,Q3-2023,2023,East,SR003,Rahul Verma,Online,Consumer,Clothing,Shoes,12,1261.7,0.15,12869.34,7257.84,5611.5,43.6,No
ORD10230,2024-12-25,Dec-2024,Q4-2024,2024,North,SR001,Amit Sharma,Retail Store,Enterprise,Electronics,Laptops,14,24624.41,0.15,293030.48,137557.3,155473.18,53.06,No
ORD10231,2024-05-09,May-2024,Q2-2024,2024,North,SR006,Deepa Nair,Direct Sales,Enterprise,Food & Beverage,Bakery,2,532.48,0.15,905.22,615.7,289.52,31.98,No
ORD10232,2023-10-21,Oct-2023,Q4-2023,2023,North,SR001,Amit Sharma,Online,Consumer,Food & Beverage,Bakery,1,470.59,0,470.59,263.87,206.72,43.93,No
ORD10233,2023-09-16,Sep-2023,Q3-2023,2023,South,SR002,Priya Patel,Wholesale,SMB,Furniture,Chairs,17,6275.74,0,106687.58,62511.91,44175.67,41.41,No
ORD10234,2024-12-01,Dec-2024,Q4-2024,2024,South,SR007,Arjun Mehta,Online,Consumer,Electronics,Tablets,15,54550.15,0.15,695514.41,325331.86,370182.55,53.22,No
ORD10235,2024-12-20,Dec-2024,Q4-2024,2024,South,SR007,Arjun Mehta,Retail Store,Enterprise,Electronics,Accessories,13,53689.1,0,697958.3,412510.4,285447.9,40.9,No
ORD10236,2024-12-09,Dec-2024,Q4-2024,2024,Central,SR010,Ananya Das,Direct Sales,SMB,Clothing,Jackets,4,4526.56,0,18106.24,8490.56,9615.68,53.11,No
ORD10237,2023-11-19,Nov-2023,Q4-2023,2023,West,SR009,Suresh Kumar,Online,Enterprise,Electronics,Tablets,19,61067.65,0,1160285.35,787404.34,372881.01,32.14,Yes
ORD10238,2024-02-03,Feb-2024,Q1-2024,2024,South,SR002,Priya Patel,Wholesale,SMB,Furniture,Sofas,10,6573.91,0,65739.1,37471.86,28267.24,43,No
ORD10239,2024-09-11,Sep-2024,Q3-2024,2024,North,SR001,Amit Sharma,Direct Sales,SMB,Electronics,Tablets,4,45596.18,0.2,145907.78,61690.61,84217.17,57.72,No
ORD10240,2024-11-27,Nov-2024,Q4-2024,2024,East,SR008,Kavita Rao,Direct Sales,Enterprise,Office Supplies,Staplers,8,210.12,0.05,1596.91,845.65,751.26,47.04,Yes
ORD10241,2024-10-11,Oct-2024,Q4-2024,2024,South,SR002,Priya Patel,Retail Store,Consumer,Office Supplies,Paper,3,170.59,0.05,486.18,298.27,187.91,38.65,No
ORD10242,2023-10-04,Oct-2023,Q4-2023,2023,South,SR002,Priya Patel,Online,Enterprise,Office Supplies,Binders,3,52.34,0,157.02,83.76,73.26,46.66,No
ORD10243,2023-04-02,Apr-2023,Q2-2023,2023,East,SR008,Kavita Rao,Wholesale,Consumer,Furniture,Sofas,18,15204.28,0.05,259993.19,112053.91,147939.28,56.9,No
ORD10244,2024-07-26,Jul-2024,Q3-2024,2024,South,SR007,Arjun Mehta,Retail Store,Consumer,Food & Beverage,Dairy,1,304.29,0.05,289.08,183.2,105.88,36.63,Yes
ORD10245,2023-03-06,Mar-2023,Q1-2023,2023,East,SR003,Rahul Verma,Retail Store,SMB,Furniture,Sofas,5,8916.22,0,44581.1,24427.64,20153.46,45.21,No
ORD10246,2024-05-22,May-2024,Q2-2024,2024,East,SR008,Kavita Rao,Retail Store,SMB,Clothing,Jackets,3,2125.06,0,6375.18,3928.83,2446.35,38.37,No
ORD10247,2023-12-04,Dec-2023,Q4-2023,2023,North,SR001,Amit Sharma,Direct Sales,SMB,Furniture,Cabinets,13,10308.78,0.1,120612.73,61990.96,58621.77,48.6,No
ORD10248,2023-11-18,Nov-2023,Q4-2023,2023,Central,SR005,Vikram Singh,Retail Store,SMB,Food & Beverage,Beverages,11,522.25,0.15,4883.04,2247.45,2635.59,53.97,No
ORD10249,2024-02-07,Feb-2024,Q1-2024,2024,Central,SR010,Ananya Das,Wholesale,Enterprise,Office Supplies,Staplers,8,196.65,0,1573.2,1014.63,558.57,35.51,Yes
ORD10250,2023-08-03,Aug-2023,Q3-2023,2023,West,SR009,Suresh Kumar,Direct Sales,SMB,Furniture,Desks,1,23966.1,0.05,22767.79,15547.95,7219.84,31.71,No
ORD10251,2024-03-09,Mar-2024,Q1-2024,2024,East,SR003,Rahul Verma,Direct Sales,Enterprise,Clothing,Shoes,10,1589.1,0.15,13507.35,6027.56,7479.79,55.38,No
ORD10252,2024-07-10,Jul-2024,Q3-2024,2024,Central,SR010,Ananya Das,Online,SMB,Food & Beverage,Bakery,13,474.06,0.2,4930.22,2995.17,1935.05,39.25,Yes
ORD10253,2024-09-19,Sep-2024,Q3-2024,2024,South,SR002,Priya Patel,Online,Consumer,Food & Beverage,Snacks,8,560.32,0,4482.56,2016.71,2465.85,55.01,No
ORD10254,2024-06-15,Jun-2024,Q2-2024,2024,South,SR002,Priya Patel,Retail Store,SMB,Office Supplies,Staplers,1,94.37,0,94.37,52.21,42.16,44.68,No
ORD10255,2023-10-30,Oct-2023,Q4-2023,2023,Central,SR010,Ananya Das,Direct Sales,Enterprise,Clothing,Shoes,17,1178.35,0,20031.95,10914.03,9117.92,45.52,No
ORD10256,2023-12-23,Dec-2023,Q4-2023,2023,Central,SR005,Vikram Singh,Direct Sales,Enterprise,Furniture,Cabinets,11,13017.32,0,143190.52,79661.82,63528.7,44.37,No
ORD10257,2023-12-18,Dec-2023,Q4-2023,2023,South,SR002,Priya Patel,Online,Consumer,Clothing,Jackets,10,701.07,0.15,5959.1,2589.38,3369.72,56.55,No
ORD10258,2023-08-26,Aug-2023,Q3-2023,2023,West,SR009,Suresh Kumar,Direct Sales,Consumer,Furniture,Desks,6,10281.77,0.05,58606.09,40293.96,18312.13,31.25,No
ORD10259,2024-03-15,Mar-2024,Q1-2024,2024,South,SR007,Arjun Mehta,Direct Sales,Enterprise,Furniture,Sofas,1,19222.54,0,19222.54,10281.61,8940.93,46.51,No
ORD10260,2024-01-10,Jan-2024,Q1-2024,2024,South,SR002,Priya Patel,Wholesale,Enterprise,Furniture,Cabinets,19,5238.55,0.2,79625.96,44675.47,34950.49,43.89,No
ORD10261,2024-09-17,Sep-2024,Q3-2024,2024,East,SR008,Kavita Rao,Direct Sales,Consumer,Electronics,Tablets,17,82614.15,0,1404440.55,813299.23,591141.32,42.09,No
ORD10262,2023-11-01,Nov-2023,Q4-2023,2023,East,SR008,Kavita Rao,Online,Consumer,Office Supplies,Binders,20,127.64,0.15,2169.88,1327.53,842.35,38.82,No
ORD10263,2024-06-07,Jun-2024,Q2-2024,2024,West,SR004,Sneha Gupta,Direct Sales,SMB,Office Supplies,Pens,10,102.63,0,1026.3,624.02,402.28,39.2,Yes
ORD10264,2024-10-22,Oct-2024,Q4-2024,2024,South,SR007,Arjun Mehta,Retail Store,Consumer,Furniture,Sofas,6,13706.74,0.1,74016.4,45004.18,29012.22,39.2,No
ORD10265,2024-01-03,Jan-2024,Q1-2024,2024,East,SR003,Rahul Verma,Online,SMB,Clothing,Jackets,6,1915.61,0.05,10918.98,6396.59,4522.39,41.42,No
ORD10266,2024-03-01,Mar-2024,Q1-2024,2024,West,SR009,Suresh Kumar,Direct Sales,SMB,Furniture,Sofas,17,17367.53,0.05,280485.61,169808.51,110677.1,39.46,No
ORD10267,2023-06-22,Jun-2023,Q2-2023,2023,West,SR004,Sneha Gupta,Direct Sales,Consumer,Electronics,Laptops,10,17288.66,0,172886.6,97038.24,75848.36,43.87,No
ORD10268,2024-01-11,Jan-2024,Q1-2024,2024,Central,SR010,Ananya Das,Online,Consumer,Food & Beverage,Snacks,4,287.52,0.1,1035.07,669.67,365.4,35.3,No
ORD10269,2023-11-01,Nov-2023,Q4-2023,2023,South,SR007,Arjun Mehta,Online,SMB,Food & Beverage,Beverages,4,615.19,0.15,2091.65,1308.13,783.52,37.46,No
ORD10270,2024-08-25,Aug-2024,Q3-2024,2024,East,SR008,Kavita Rao,Wholesale,Consumer,Office Supplies,Pens,4,399.03,0,1596.12,738.95,857.17,53.7,Yes
ORD10271,2023-03-02,Mar-2023,Q1-2023,2023,Central,SR010,Ananya Das,Wholesale,Consumer,Clothing,Trousers,5,4031.82,0.2,16127.28,7452.14,8675.14,53.79,No
ORD10272,2024-06-10,Jun-2024,Q2-2024,2024,North,SR006,Deepa Nair,Online,Enterprise,Food & Beverage,Beverages,10,302.53,0,3025.3,2074.51,950.79,31.43,No
ORD10273,2023-09-11,Sep-2023,Q3-2023,2023,East,SR003,Rahul Verma,Direct Sales,SMB,Electronics,Tablets,5,32477.41,0.15,138028.99,68549.2,69479.79,50.34,No
ORD10274,2023-04-06,Apr-2023,Q2-2023,2023,South,SR007,Arjun Mehta,Direct Sales,Consumer,Food & Beverage,Dairy,13,416.39,0.15,4601.11,2937.25,1663.86,36.16,No
ORD10275,2023-04-06,Apr-2023,Q2-2023,2023,East,SR008,Kavita Rao,Direct Sales,Consumer,Office Supplies,Staplers,11,311.88,0.2,2744.54,1735.21,1009.33,36.78,No
ORD10276,2023-10-18,Oct-2023,Q4-2023,2023,West,SR004,Sneha Gupta,Wholesale,Consumer,Electronics,Accessories,14,72739.34,0.05,967433.22,464910.73,502522.49,51.94,Yes
ORD10277,2024-04-15,Apr-2024,Q2-2024,2024,North,SR006,Deepa Nair,Online,Enterprise,Furniture,Sofas,2,4010.74,0.15,6818.26,4330.73,2487.53,36.48,No
ORD10278,2024-10-27,Oct-2024,Q4-2024,2024,North,SR001,Amit Sharma,Wholesale,Enterprise,Clothing,Shoes,14,1410.43,0.15,16784.12,11292.73,5491.39,32.72,No
ORD10279,2024-02-10,Feb-2024,Q1-2024,2024,Central,SR005,Vikram Singh,Wholesale,Consumer,Electronics,Tablets,3,41029.06,0.15,104624.1,47045.01,57579.09,55.03,No
ORD10280,2023-08-20,Aug-2023,Q3-2023,2023,South,SR002,Priya Patel,Direct Sales,Enterprise,Clothing,Shirts,1,1460.4,0,1460.4,642.3,818.1,56.02,No
ORD10281,2023-04-15,Apr-2023,Q2-2023,2023,South,SR007,Arjun Mehta,Online,SMB,Office Supplies,Pens,5,264.97,0,1324.85,682.19,642.66,48.51,No
ORD10282,2024-06-27,Jun-2024,Q2-2024,2024,South,SR007,Arjun Mehta,Online,Consumer,Office Supplies,Paper,5,338.71,0.15,1439.52,637.5,802.02,55.71,No
ORD10283,2023-08-11,Aug-2023,Q3-2023,2023,West,SR004,Sneha Gupta,Online,Enterprise,Clothing,Jackets,5,4639.52,0.1,20877.84,12651.34,8226.5,39.4,No
ORD10284,2024-10-22,Oct-2024,Q4-2024,2024,North,SR006,Deepa Nair,Online,Enterprise,Electronics,Accessories,14,37015.26,0,518213.64,245807.34,272406.3,52.57,Yes
ORD10285,2024-02-06,Feb-2024,Q1-2024,2024,North,SR001,Amit Sharma,Wholesale,Consumer,Food & Beverage,Dairy,10,243.81,0.1,2194.29,1213.13,981.16,44.71,No
ORD10286,2024-06-24,Jun-2024,Q2-2024,2024,South,SR007,Arjun Mehta,Online,SMB,Furniture,Sofas,4,8303.8,0.15,28232.92,16323.68,11909.24,42.18,No
ORD10287,2024-04-27,Apr-2024,Q2-2024,2024,Central,SR010,Ananya Das,Online,Enterprise,Furniture,Sofas,14,11039.07,0.15,131364.93,59354.76,72010.17,54.82,Yes
ORD10288,2024-02-12,Feb-2024,Q1-2024,2024,Central,SR005,Vikram Singh,Wholesale,Consumer,Electronics,Laptops,7,17787.88,0,124515.16,85243.58,39271.58,31.54,Yes
ORD10289,2023-10-12,Oct-2023,Q4-2023,2023,South,SR007,Arjun Mehta,Online,SMB,Clothing,Shoes,3,3382.42,0.1,9132.53,5340.83,3791.7,41.52,No
ORD10290,2024-10-27,Oct-2024,Q4-2024,2024,East,SR003,Rahul Verma,Online,SMB,Food & Beverage,Beverages,18,328.73,0.1,5325.43,3143.54,2181.89,40.97,No
ORD10291,2024-09-15,Sep-2024,Q3-2024,2024,West,SR004,Sneha Gupta,Online,SMB,Furniture,Chairs,3,23341.81,0,70025.43,37534.44,32490.99,46.4,No
ORD10292,2023-09-23,Sep-2023,Q3-2023,2023,East,SR003,Rahul Verma,Retail Store,SMB,Electronics,Laptops,1,26468.28,0,26468.28,14740.23,11728.05,44.31,No
ORD10293,2023-09-27,Sep-2023,Q3-2023,2023,North,SR001,Amit Sharma,Online,SMB,Office Supplies,Pens,11,413.2,0,4545.2,2532.39,2012.81,44.28,No
ORD10294,2023-09-19,Sep-2023,Q3-2023,2023,North,SR001,Amit Sharma,Online,Consumer,Food & Beverage,Dairy,16,701.55,0,11224.8,5728.09,5496.71,48.97,No
ORD10295,2023-06-03,Jun-2023,Q2-2023,2023,North,SR001,Amit Sharma,Retail Store,Enterprise,Furniture,Chairs,1,8380.13,0.05,7961.12,4053.75,3907.37,49.08,Yes
ORD10296,2023-03-21,Mar-2023,Q1-2023,2023,North,SR006,Deepa Nair,Wholesale,Enterprise,Clothing,Trousers,8,2373.15,0.15,16137.42,8003.85,8133.57,50.4,Yes
ORD10297,2024-04-21,Apr-2024,Q2-2024,2024,West,SR004,Sneha Gupta,Wholesale,SMB,Electronics,Phones,17,83698.97,0.05,1351738.37,568646.5,783091.87,57.93,No
ORD10298,2024-09-29,Sep-2024,Q3-2024,2024,North,SR001,Amit Sharma,Retail Store,SMB,Electronics,Accessories,12,29046.98,0.1,313707.38,199314.66,114392.72,36.46,No
ORD10299,2024-02-24,Feb-2024,Q1-2024,2024,West,SR004,Sneha Gupta,Online,Enterprise,Food & Beverage,Bakery,18,632.34,0,11382.12,5066.98,6315.14,55.48,Yes
ORD10300,2023-11-11,Nov-2023,Q4-2023,2023,North,SR006,Deepa Nair,Online,Enterprise,Office Supplies,Pens,1,391.52,0.05,371.94,243.51,128.43,34.53,Yes
ORD10301,2023-04-06,Apr-2023,Q2-2023,2023,East,SR008,Kavita Rao,Online,Enterprise,Furniture,Sofas,2,24396.3,0,48792.6,29934.05,18858.55,38.65,Yes
ORD10302,2024-02-08,Feb-2024,Q1-2024,2024,East,SR008,Kavita Rao,Online,Consumer,Clothing,Jackets,3,3113.47,0.1,8406.37,3699.26,4707.11,55.99,Yes
ORD10303,2024-02-07,Feb-2024,Q1-2024,2024,East,SR003,Rahul Verma,Wholesale,SMB,Electronics,Accessories,8,35417.32,0.2,226670.85,112089.34,114581.51,50.55,No
ORD10304,2023-06-09,Jun-2023,Q2-2023,2023,South,SR002,Priya Patel,Online,Enterprise,Office Supplies,Paper,7,111.25,0.2,623,358.48,264.52,42.46,No
ORD10305,2023-11-12,Nov-2023,Q4-2023,2023,South,SR007,Arjun Mehta,Direct Sales,SMB,Clothing,Jackets,4,2911.66,0.2,9317.31,4307.31,5010,53.77,No
ORD10306,2023-06-01,Jun-2023,Q2-2023,2023,Central,SR005,Vikram Singh,Online,Consumer,Electronics,Phones,20,17823.09,0.2,285169.44,187348.33,97821.11,34.3,No
ORD10307,2023-06-28,Jun-2023,Q2-2023,2023,West,SR009,Suresh Kumar,Online,SMB,Office Supplies,Staplers,2,354.73,0,709.46,458.33,251.13,35.4,No
ORD10308,2023-01-13,Jan-2023,Q1-2023,2023,South,SR002,Priya Patel,Online,Enterprise,Food & Beverage,Beverages,15,171.34,0.2,2056.08,908.66,1147.42,55.81,No
ORD10309,2023-03-18,Mar-2023,Q1-2023,2023,North,SR006,Deepa Nair,Online,Enterprise,Furniture,Sofas,3,15811.12,0,47433.36,32028.36,15405,32.48,No
ORD10310,2024-08-10,Aug-2024,Q3-2024,2024,South,SR002,Priya Patel,Direct Sales,Consumer,Clothing,Trousers,11,1051.37,0.05,10986.82,4561.63,6425.19,58.48,No
ORD10311,2023-10-09,Oct-2023,Q4-2023,2023,South,SR007,Arjun Mehta,Wholesale,SMB,Clothing,Shirts,14,1277.63,0,17886.82,12028.73,5858.09,32.75,No
ORD10312,2023-03-31,Mar-2023,Q1-2023,2023,Central,SR005,Vikram Singh,Wholesale,SMB,Electronics,Phones,16,43839.45,0.1,631288.08,343237.19,288050.89,45.63,No
ORD10313,2023-01-20,Jan-2023,Q1-2023,2023,West,SR009,Suresh Kumar,Direct Sales,Consumer,Clothing,Trousers,8,3338.39,0.2,21365.7,12030.96,9334.74,43.69,No
ORD10314,2023-01-27,Jan-2023,Q1-2023,2023,North,SR006,Deepa Nair,Wholesale,Consumer,Clothing,Shoes,19,2760.77,0.05,49831.9,23975.66,25856.24,51.89,No
ORD10315,2023-08-27,Aug-2023,Q3-2023,2023,North,SR001,Amit Sharma,Retail Store,Enterprise,Electronics,Tablets,16,52060.26,0.2,666371.33,383294.57,283076.76,42.48,No
ORD10316,2024-02-02,Feb-2024,Q1-2024,2024,West,SR009,Suresh Kumar,Wholesale,Enterprise,Furniture,Cabinets,2,19809.09,0,39618.18,22689.63,16928.55,42.73,No
ORD10317,2024-08-04,Aug-2024,Q3-2024,2024,North,SR006,Deepa Nair,Retail Store,Consumer,Furniture,Cabinets,19,3620.54,0.15,58471.72,29557.73,28913.99,49.45,No
ORD10318,2023-08-13,Aug-2023,Q3-2023,2023,East,SR003,Rahul Verma,Online,Consumer,Clothing,Jackets,16,670.84,0,10733.44,5042.43,5691.01,53.02,No
ORD10319,2023-11-28,Nov-2023,Q4-2023,2023,Central,SR010,Ananya Das,Online,Enterprise,Electronics,Tablets,7,71451.18,0,500158.26,307637.99,192520.27,38.49,No
ORD10320,2024-11-09,Nov-2024,Q4-2024,2024,South,SR002,Priya Patel,Direct Sales,Consumer,Food & Beverage,Beverages,17,702.47,0,11941.99,6115.22,5826.77,48.79,No
ORD10321,2024-10-16,Oct-2024,Q4-2024,2024,North,SR006,Deepa Nair,Direct Sales,Consumer,Office Supplies,Binders,5,489.14,0.15,2078.84,1423.19,655.65,31.54,No
ORD10322,2024-12-06,Dec-2024,Q4-2024,2024,West,SR004,Sneha Gupta,Wholesale,Enterprise,Furniture,Cabinets,19,20917.99,0.05,377569.72,185782.04,191787.68,50.8,No
ORD10323,2024-09-18,Sep-2024,Q3-2024,2024,Central,SR010,Ananya Das,Retail Store,Consumer,Electronics,Accessories,2,27745.72,0,55491.44,37529.5,17961.94,32.37,Yes
ORD10324,2023-11-24,Nov-2023,Q4-2023,2023,East,SR003,Rahul Verma,Retail Store,Consumer,Electronics,Accessories,11,67174.03,0,738914.33,372444.62,366469.71,49.6,No
ORD10325,2023-09-20,Sep-2023,Q3-2023,2023,North,SR001,Amit Sharma,Online,Consumer,Office Supplies,Staplers,9,144.36,0.15,1104.35,464.2,640.15,57.97,No
ORD10326,2024-01-23,Jan-2024,Q1-2024,2024,East,SR008,Kavita Rao,Wholesale,Consumer,Electronics,Accessories,14,82837.13,0.05,1101733.83,603667.07,498066.76,45.21,No
ORD10327,2023-02-04,Feb-2023,Q1-2023,2023,Central,SR010,Ananya Das,Wholesale,Enterprise,Electronics,Accessories,8,26385.96,0,211087.68,135045.11,76042.57,36.02,No
ORD10328,2023-03-18,Mar-2023,Q1-2023,2023,South,SR002,Priya Patel,Online,SMB,Office Supplies,Pens,11,126.55,0.05,1322.45,592.82,729.63,55.17,Yes
ORD10329,2024-03-20,Mar-2024,Q1-2024,2024,North,SR001,Amit Sharma,Retail Store,Enterprise,Food & Beverage,Bakery,14,759.71,0,10635.94,6192.19,4443.75,41.78,No
ORD10330,2024-07-07,Jul-2024,Q3-2024,2024,West,SR004,Sneha Gupta,Wholesale,Consumer,Office Supplies,Paper,14,363.74,0.15,4328.51,2933.31,1395.2,32.23,No
ORD10331,2023-06-07,Jun-2023,Q2-2023,2023,South,SR002,Priya Patel,Online,SMB,Office Supplies,Paper,2,226.81,0.1,408.26,266.17,142.09,34.8,No
ORD10332,2023-06-24,Jun-2023,Q2-2023,2023,Central,SR005,Vikram Singh,Wholesale,Enterprise,Clothing,Shirts,20,2661.48,0,53229.6,21702.81,31526.79,59.23,No
ORD10333,2024-10-19,Oct-2024,Q4-2024,2024,South,SR007,Arjun Mehta,Direct Sales,Enterprise,Electronics,Tablets,16,49236.78,0.15,669620.21,321083.77,348536.44,52.05,No
ORD10334,2023-08-20,Aug-2023,Q3-2023,2023,East,SR003,Rahul Verma,Wholesale,Consumer,Clothing,Jackets,15,700.78,0.05,9986.11,5387.68,4598.43,46.05,No
ORD10335,2024-08-26,Aug-2024,Q3-2024,2024,South,SR002,Priya Patel,Retail Store,Consumer,Furniture,Chairs,12,20779.96,0.05,236891.54,163742.19,73149.35,30.88,No
ORD10336,2023-03-22,Mar-2023,Q1-2023,2023,West,SR009,Suresh Kumar,Direct Sales,Consumer,Clothing,Shoes,16,3077.21,0,49235.36,26728.83,22506.53,45.71,No
ORD10337,2023-07-17,Jul-2023,Q3-2023,2023,South,SR002,Priya Patel,Retail Store,Enterprise,Food & Beverage,Beverages,15,221.02,0,3315.3,2293.03,1022.27,30.83,No
ORD10338,2023-03-10,Mar-2023,Q1-2023,2023,West,SR004,Sneha Gupta,Online,SMB,Electronics,Accessories,5,73387.57,0,366937.85,181973.6,184964.25,50.41,Yes
ORD10339,2024-12-18,Dec-2024,Q4-2024,2024,Central,SR005,Vikram Singh,Direct Sales,Enterprise,Clothing,Jackets,17,2561.71,0.2,34839.26,14064.93,20774.33,59.63,No
ORD10340,2024-07-30,Jul-2024,Q3-2024,2024,Central,SR010,Ananya Das,Online,SMB,Furniture,Desks,19,15818.9,0,300559.1,203622.31,96936.79,32.25,Yes
ORD10341,2023-02-08,Feb-2023,Q1-2023,2023,Central,SR005,Vikram Singh,Retail Store,SMB,Office Supplies,Staplers,13,344.65,0.1,4032.4,2349.63,1682.77,41.73,No
ORD10342,2023-02-20,Feb-2023,Q1-2023,2023,North,SR001,Amit Sharma,Direct Sales,SMB,Furniture,Sofas,13,22570.63,0,293418.19,178150.06,115268.13,39.28,No
ORD10343,2024-12-02,Dec-2024,Q4-2024,2024,Central,SR005,Vikram Singh,Online,Enterprise,Electronics,Tablets,10,34624.27,0.05,328930.56,216262.12,112668.44,34.25,No
ORD10344,2023-07-12,Jul-2023,Q3-2023,2023,North,SR006,Deepa Nair,Direct Sales,Enterprise,Office Supplies,Staplers,9,377.96,0.1,3061.48,1817.5,1243.98,40.63,No
ORD10345,2024-06-02,Jun-2024,Q2-2024,2024,North,SR001,Amit Sharma,Direct Sales,Enterprise,Clothing,Jackets,17,4061.71,0,69049.07,34064.46,34984.61,50.67,Yes
ORD10346,2023-09-13,Sep-2023,Q3-2023,2023,East,SR003,Rahul Verma,Online,SMB,Food & Beverage,Snacks,7,712.63,0,4988.41,3247.92,1740.49,34.89,No
ORD10347,2023-05-07,May-2023,Q2-2023,2023,Central,SR005,Vikram Singh,Online,Enterprise,Office Supplies,Paper,12,420.58,0.1,4542.26,2357.81,2184.45,48.09,No
ORD10348,2023-09-22,Sep-2023,Q3-2023,2023,East,SR003,Rahul Verma,Online,SMB,Clothing,Shoes,16,3140.96,0,50255.36,25292.25,24963.11,49.67,No
ORD10349,2024-10-24,Oct-2024,Q4-2024,2024,East,SR003,Rahul Verma,Retail Store,Consumer,Clothing,Shirts,19,4009.24,0,76175.56,50057.5,26118.06,34.29,No
ORD10350,2024-04-30,Apr-2024,Q2-2024,2024,West,SR009,Suresh Kumar,Retail Store,Consumer,Office Supplies,Staplers,1,439.08,0.2,351.26,212.39,138.87,39.53,No
ORD10351,2024-12-27,Dec-2024,Q4-2024,2024,West,SR004,Sneha Gupta,Wholesale,SMB,Food & Beverage,Snacks,9,525.84,0,4732.56,2904.95,1827.61,38.62,No
ORD10352,2024-09-30,Sep-2024,Q3-2024,2024,Central,SR005,Vikram Singh,Direct Sales,Consumer,Office Supplies,Staplers,7,260.01,0.15,1547.06,860.46,686.6,44.38,No
ORD10353,2024-05-08,May-2024,Q2-2024,2024,West,SR009,Suresh Kumar,Online,SMB,Electronics,Tablets,20,57633.51,0,1152670.2,697738.87,454931.33,39.47,No
ORD10354,2023-02-28,Feb-2023,Q1-2023,2023,Central,SR005,Vikram Singh,Direct Sales,Consumer,Office Supplies,Binders,10,134.76,0.1,1212.84,763.66,449.18,37.04,No
ORD10355,2023-02-06,Feb-2023,Q1-2023,2023,East,SR008,Kavita Rao,Retail Store,SMB,Furniture,Chairs,10,8707.38,0.05,82720.11,43128.58,39591.53,47.86,No
ORD10356,2024-07-25,Jul-2024,Q3-2024,2024,North,SR006,Deepa Nair,Retail Store,SMB,Food & Beverage,Bakery,17,310.14,0,5272.38,3438.6,1833.78,34.78,No
ORD10357,2023-12-10,Dec-2023,Q4-2023,2023,Central,SR005,Vikram Singh,Online,Enterprise,Clothing,Trousers,18,3933.13,0,70796.34,48430.15,22366.19,31.59,No
ORD10358,2023-05-01,May-2023,Q2-2023,2023,South,SR007,Arjun Mehta,Direct Sales,Enterprise,Furniture,Cabinets,11,11177.01,0.1,110652.4,54022.2,56630.2,51.18,Yes
ORD10359,2024-06-26,Jun-2024,Q2-2024,2024,East,SR008,Kavita Rao,Wholesale,SMB,Food & Beverage,Snacks,7,450.33,0.2,2521.85,1523.73,998.12,39.58,No
ORD10360,2024-04-13,Apr-2024,Q2-2024,2024,West,SR004,Sneha Gupta,Retail Store,SMB,Furniture,Desks,11,12002.22,0.1,118821.98,79355.68,39466.3,33.21,No
ORD10361,2023-10-08,Oct-2023,Q4-2023,2023,North,SR006,Deepa Nair,Retail Store,Enterprise,Electronics,Accessories,6,36938.99,0,221633.94,88966.98,132666.96,59.86,Yes
ORD10362,2024-03-15,Mar-2024,Q1-2024,2024,South,SR002,Priya Patel,Direct Sales,SMB,Furniture,Sofas,5,16518.55,0.15,70203.84,37125.4,33078.44,47.12,No
ORD10363,2023-07-15,Jul-2023,Q3-2023,2023,North,SR006,Deepa Nair,Online,Consumer,Electronics,Phones,1,77440.45,0.2,61952.36,40267.09,21685.27,35,No
ORD10364,2023-11-10,Nov-2023,Q4-2023,2023,North,SR006,Deepa Nair,Retail Store,Enterprise,Furniture,Desks,10,5836.48,0.05,55446.56,30551.11,24895.45,44.9,No
ORD10365,2024-12-04,Dec-2024,Q4-2024,2024,East,SR008,Kavita Rao,Retail Store,SMB,Office Supplies,Binders,17,318.37,0,5412.29,2869.05,2543.24,46.99,No
ORD10366,2023-05-15,May-2023,Q2-2023,2023,East,SR003,Rahul Verma,Retail Store,Consumer,Office Supplies,Paper,13,58.61,0,761.93,470.99,290.94,38.18,No
ORD10367,2024-10-17,Oct-2024,Q4-2024,2024,South,SR002,Priya Patel,Wholesale,Consumer,Food & Beverage,Beverages,12,597.78,0.2,5738.69,2359.8,3378.89,58.88,Yes
ORD10368,2024-01-25,Jan-2024,Q1-2024,2024,South,SR002,Priya Patel,Online,Consumer,Electronics,Laptops,1,18376.45,0,18376.45,9648.24,8728.21,47.5,No
ORD10369,2024-06-16,Jun-2024,Q2-2024,2024,West,SR004,Sneha Gupta,Wholesale,Consumer,Clothing,Trousers,1,1855.02,0.15,1576.77,678.47,898.3,56.97,Yes
ORD10370,2023-04-19,Apr-2023,Q2-2023,2023,South,SR002,Priya Patel,Direct Sales,Enterprise,Furniture,Sofas,17,18812.86,0,319818.62,155051.91,164766.71,51.52,Yes
ORD10371,2023-02-10,Feb-2023,Q1-2023,2023,West,SR009,Suresh Kumar,Direct Sales,Enterprise,Furniture,Cabinets,7,10874.28,0.05,72313.96,35332.99,36980.97,51.14,No
ORD10372,2024-11-16,Nov-2024,Q4-2024,2024,North,SR001,Amit Sharma,Direct Sales,Enterprise,Office Supplies,Paper,1,352.23,0,352.23,229.15,123.08,34.94,No
ORD10373,2023-10-31,Oct-2023,Q4-2023,2023,South,SR002,Priya Patel,Wholesale,SMB,Food & Beverage,Snacks,9,551.04,0.05,4711.39,3281.95,1429.44,30.34,No
ORD10374,2023-04-29,Apr-2023,Q2-2023,2023,North,SR001,Amit Sharma,Online,Enterprise,Electronics,Phones,10,40215.03,0.15,341827.76,168798.69,173029.07,50.62,No
ORD10375,2023-04-06,Apr-2023,Q2-2023,2023,North,SR006,Deepa Nair,Wholesale,SMB,Furniture,Desks,12,22679.61,0.1,244939.79,117691.81,127247.98,51.95,No
ORD10376,2024-05-04,May-2024,Q2-2024,2024,South,SR007,Arjun Mehta,Direct Sales,Consumer,Electronics,Accessories,15,34028.32,0.05,484903.56,294322.27,190581.29,39.3,No
ORD10377,2024-08-05,Aug-2024,Q3-2024,2024,North,SR001,Amit Sharma,Direct Sales,Enterprise,Electronics,Phones,6,22259.92,0.1,120203.57,65487.2,54716.37,45.52,Yes
ORD10378,2023-05-14,May-2023,Q2-2023,2023,Central,SR010,Ananya Das,Direct Sales,SMB,Clothing,Jackets,1,4381.59,0.2,3505.27,2166.9,1338.37,38.18,No
ORD10379,2024-11-25,Nov-2024,Q4-2024,2024,North,SR001,Amit Sharma,Retail Store,Consumer,Clothing,Shoes,3,1677.26,0,5031.78,2031.37,3000.41,59.63,No
ORD10380,2024-01-30,Jan-2024,Q1-2024,2024,South,SR007,Arjun Mehta,Retail Store,Consumer,Food & Beverage,Snacks,8,437.35,0.15,2973.98,1792.98,1181,39.71,Yes
ORD10381,2023-06-19,Jun-2023,Q2-2023,2023,East,SR003,Rahul Verma,Online,SMB,Electronics,Laptops,17,74419.19,0.2,1012100.98,555390.9,456710.08,45.12,No
ORD10382,2024-02-17,Feb-2024,Q1-2024,2024,Central,SR005,Vikram Singh,Retail Store,Enterprise,Furniture,Cabinets,2,14152.45,0.1,25474.41,15106.2,10368.21,40.7,No
ORD10383,2024-10-31,Oct-2024,Q4-2024,2024,South,SR002,Priya Patel,Online,Enterprise,Clothing,Shoes,16,2511.81,0,40188.96,27899.23,12289.73,30.58,No
ORD10384,2024-09-25,Sep-2024,Q3-2024,2024,West,SR009,Suresh Kumar,Wholesale,Consumer,Clothing,Shirts,18,500.76,0,9013.68,5746.54,3267.14,36.25,Yes
ORD10385,2024-04-10,Apr-2024,Q2-2024,2024,North,SR006,Deepa Nair,Wholesale,Consumer,Furniture,Sofas,12,21156.84,0.2,203105.66,94825.04,108280.62,53.31,Yes
ORD10386,2023-01-03,Jan-2023,Q1-2023,2023,North,SR006,Deepa Nair,Wholesale,SMB,Food & Beverage,Bakery,15,179.82,0.2,2157.84,1289.68,868.16,40.23,No
ORD10387,2024-02-24,Feb-2024,Q1-2024,2024,South,SR002,Priya Patel,Online,SMB,Food & Beverage,Dairy,2,727.81,0.05,1382.84,611.4,771.44,55.79,Yes
ORD10388,2023-12-13,Dec-2023,Q4-2023,2023,South,SR002,Priya Patel,Online,SMB,Furniture,Desks,13,7742.97,0.2,80526.89,51088.36,29438.53,36.56,No
ORD10389,2024-05-25,May-2024,Q2-2024,2024,East,SR008,Kavita Rao,Online,Consumer,Food & Beverage,Snacks,15,560.92,0.1,7572.42,3334.82,4237.6,55.96,No
ORD10390,2023-07-01,Jul-2023,Q3-2023,2023,Central,SR010,Ananya Das,Retail Store,Consumer,Food & Beverage,Bakery,16,747.06,0.2,9562.37,6467.5,3094.87,32.37,No
ORD10391,2024-03-04,Mar-2024,Q1-2024,2024,Central,SR010,Ananya Das,Retail Store,SMB,Electronics,Accessories,20,76788.71,0.1,1382196.78,918355.27,463841.51,33.56,No
ORD10392,2024-06-08,Jun-2024,Q2-2024,2024,East,SR008,Kavita Rao,Wholesale,Consumer,Office Supplies,Binders,5,112.18,0.1,504.81,307.94,196.87,39,Yes
ORD10393,2024-11-19,Nov-2024,Q4-2024,2024,West,SR004,Sneha Gupta,Retail Store,Consumer,Office Supplies,Paper,7,330.88,0,2316.16,1403.55,912.61,39.4,No
ORD10394,2024-11-14,Nov-2024,Q4-2024,2024,South,SR002,Priya Patel,Direct Sales,Consumer,Food & Beverage,Dairy,12,493.6,0.1,5330.88,3044.95,2285.93,42.88,Yes
ORD10395,2024-11-17,Nov-2024,Q4-2024,2024,North,SR001,Amit Sharma,Online,Enterprise,Office Supplies,Staplers,17,97.91,0.05,1581.25,701.44,879.81,55.64,No
ORD10396,2023-07-28,Jul-2023,Q3-2023,2023,Central,SR005,Vikram Singh,Online,SMB,Furniture,Cabinets,5,21466.4,0.15,91232.2,57960.48,33271.72,36.47,No
ORD10397,2024-12-13,Dec-2024,Q4-2024,2024,West,SR009,Suresh Kumar,Wholesale,Consumer,Electronics,Phones,13,31631.68,0.2,328969.47,210227.97,118741.5,36.09,No
ORD10398,2023-09-15,Sep-2023,Q3-2023,2023,South,SR007,Arjun Mehta,Retail Store,Consumer,Clothing,Shoes,11,4846.25,0,53308.75,21530.85,31777.9,59.61,No
ORD10399,2023-07-18,Jul-2023,Q3-2023,2023,Central,SR010,Ananya Das,Wholesale,SMB,Furniture,Cabinets,18,19245.9,0,346426.2,219233.75,127192.45,36.72,No
ORD10400,2024-07-23,Jul-2024,Q3-2024,2024,East,SR003,Rahul Verma,Wholesale,Enterprise,Electronics,Phones,17,23354.77,0,397031.09,209851.71,187179.38,47.14,No
ORD10401,2023-11-27,Nov-2023,Q4-2023,2023,North,SR001,Amit Sharma,Online,Consumer,Food & Beverage,Dairy,11,426.43,0,4690.73,1932.5,2758.23,58.8,Yes
ORD10402,2024-06-22,Jun-2024,Q2-2024,2024,Central,SR010,Ananya Das,Retail Store,Enterprise,Office Supplies,Staplers,18,211.14,0.2,3040.42,1861.66,1178.76,38.77,Yes
ORD10403,2023-08-07,Aug-2023,Q3-2023,2023,South,SR007,Arjun Mehta,Wholesale,SMB,Electronics,Phones,18,52592.52,0,946665.36,477896.45,468768.91,49.52,No
ORD10404,2024-10-26,Oct-2024,Q4-2024,2024,Central,SR010,Ananya Das,Online,Enterprise,Office Supplies,Paper,17,263.69,0.1,4034.46,2610.73,1423.73,35.29,No
ORD10405,2023-11-25,Nov-2023,Q4-2023,2023,Central,SR010,Ananya Das,Direct Sales,Enterprise,Clothing,Trousers,20,1597.22,0,31944.4,19318.87,12625.53,39.52,No
ORD10406,2024-06-04,Jun-2024,Q2-2024,2024,North,SR001,Amit Sharma,Direct Sales,SMB,Office Supplies,Binders,17,419.95,0,7139.15,3957.18,3181.97,44.57,No
ORD10407,2024-07-04,Jul-2024,Q3-2024,2024,North,SR006,Deepa Nair,Online,Consumer,Office Supplies,Paper,17,87.06,0,1480.02,666.33,813.69,54.98,No
ORD10408,2024-03-21,Mar-2024,Q1-2024,2024,South,SR007,Arjun Mehta,Online,Consumer,Furniture,Desks,4,7522.75,0.2,24072.8,14704.22,9368.58,38.92,No
ORD10409,2023-09-15,Sep-2023,Q3-2023,2023,North,SR006,Deepa Nair,Online,Consumer,Electronics,Accessories,2,21126.46,0,42252.92,19157.37,23095.55,54.66,No
ORD10410,2024-02-03,Feb-2024,Q1-2024,2024,South,SR007,Arjun Mehta,Online,Consumer,Office Supplies,Staplers,15,333.6,0.05,4753.8,2352.76,2401.04,50.51,No
ORD10411,2024-05-29,May-2024,Q2-2024,2024,Central,SR010,Ananya Das,Online,SMB,Food & Beverage,Snacks,2,590.62,0,1181.24,599.25,581.99,49.27,No
ORD10412,2024-04-30,Apr-2024,Q2-2024,2024,Central,SR005,Vikram Singh,Retail Store,Consumer,Food & Beverage,Snacks,15,366.99,0.2,4403.88,2634.48,1769.4,40.18,No
ORD10413,2024-10-25,Oct-2024,Q4-2024,2024,West,SR009,Suresh Kumar,Wholesale,Enterprise,Furniture,Sofas,10,24122.95,0,241229.5,118061.81,123167.69,51.06,Yes
ORD10414,2024-07-14,Jul-2024,Q3-2024,2024,South,SR002,Priya Patel,Online,SMB,Food & Beverage,Beverages,2,103.52,0.1,186.34,96.57,89.77,48.18,No
ORD10415,2023-09-16,Sep-2023,Q3-2023,2023,South,SR007,Arjun Mehta,Retail Store,Enterprise,Office Supplies,Paper,17,114.1,0,1939.7,904.36,1035.34,53.38,No
ORD10416,2023-03-10,Mar-2023,Q1-2023,2023,West,SR009,Suresh Kumar,Wholesale,Enterprise,Food & Beverage,Snacks,15,551.27,0,8269.05,4028.65,4240.4,51.28,No
ORD10417,2023-10-19,Oct-2023,Q4-2023,2023,North,SR006,Deepa Nair,Online,Enterprise,Food & Beverage,Bakery,12,189.75,0.15,1935.45,910.36,1025.09,52.96,No
ORD10418,2024-08-02,Aug-2024,Q3-2024,2024,North,SR006,Deepa Nair,Wholesale,SMB,Clothing,Shoes,20,3467.4,0.15,58945.8,33908.63,25037.17,42.47,No
ORD10419,2024-03-22,Mar-2024,Q1-2024,2024,North,SR006,Deepa Nair,Wholesale,SMB,Furniture,Chairs,8,20284.52,0.15,137934.74,85787.8,52146.94,37.81,No
ORD10420,2023-04-22,Apr-2023,Q2-2023,2023,East,SR008,Kavita Rao,Retail Store,Consumer,Office Supplies,Staplers,15,211.43,0,3171.45,1731.9,1439.55,45.39,Yes
ORD10421,2023-03-20,Mar-2023,Q1-2023,2023,East,SR003,Rahul Verma,Online,Enterprise,Electronics,Tablets,18,28750.24,0.15,439878.67,292915.54,146963.13,33.41,Yes
ORD10422,2024-07-06,Jul-2024,Q3-2024,2024,Central,SR010,Ananya Das,Direct Sales,Consumer,Electronics,Accessories,7,78441.25,0.1,494179.88,236309.35,257870.53,52.18,No
ORD10423,2024-05-28,May-2024,Q2-2024,2024,West,SR004,Sneha Gupta,Online,SMB,Office Supplies,Staplers,19,379.95,0,7219.05,3177.57,4041.48,55.98,No
ORD10424,2024-04-01,Apr-2024,Q2-2024,2024,West,SR004,Sneha Gupta,Retail Store,Enterprise,Food & Beverage,Snacks,20,578.91,0.2,9262.56,5133.69,4128.87,44.58,Yes
ORD10425,2023-03-06,Mar-2023,Q1-2023,2023,East,SR008,Kavita Rao,Wholesale,SMB,Food & Beverage,Beverages,12,128.29,0.2,1231.58,672.8,558.78,45.37,No
ORD10426,2023-02-10,Feb-2023,Q1-2023,2023,West,SR009,Suresh Kumar,Wholesale,Enterprise,Electronics,Phones,12,42166.52,0.05,480698.33,319407.5,161290.83,33.55,Yes
ORD10427,2024-01-10,Jan-2024,Q1-2024,2024,Central,SR010,Ananya Das,Online,Consumer,Office Supplies,Binders,18,306.57,0.05,5242.35,3124.98,2117.37,40.39,No
ORD10428,2024-05-08,May-2024,Q2-2024,2024,West,SR009,Suresh Kumar,Online,Consumer,Clothing,Trousers,13,2088.04,0.2,21715.62,10934.03,10781.59,49.65,No
ORD10429,2023-07-11,Jul-2023,Q3-2023,2023,West,SR004,Sneha Gupta,Retail Store,SMB,Clothing,Trousers,3,2815.44,0,8446.32,3914.49,4531.83,53.65,Yes
ORD10430,2024-05-05,May-2024,Q2-2024,2024,South,SR007,Arjun Mehta,Retail Store,Consumer,Electronics,Phones,11,65417.9,0.05,683617.05,411926.32,271690.73,39.74,No
ORD10431,2024-10-06,Oct-2024,Q4-2024,2024,West,SR004,Sneha Gupta,Online,Consumer,Clothing,Shirts,2,1075.48,0.1,1935.86,867.92,1067.94,55.17,No
ORD10432,2024-07-31,Jul-2024,Q3-2024,2024,Central,SR005,Vikram Singh,Online,Consumer,Electronics,Phones,6,51164.85,0.05,291639.64,169094.78,122544.86,42.02,No
ORD10433,2023-08-13,Aug-2023,Q3-2023,2023,East,SR008,Kavita Rao,Direct Sales,Consumer,Electronics,Phones,20,84494.31,0.2,1351908.96,736115.13,615793.83,45.55,No
ORD10434,2024-04-09,Apr-2024,Q2-2024,2024,Central,SR010,Ananya Das,Online,Enterprise,Food & Beverage,Beverages,17,285.16,0.15,4120.56,2495.73,1624.83,39.43,No
ORD10435,2024-12-01,Dec-2024,Q4-2024,2024,South,SR002,Priya Patel,Direct Sales,Enterprise,Clothing,Trousers,1,1410.57,0.2,1128.46,759.23,369.23,32.72,Yes
ORD10436,2023-05-01,May-2023,Q2-2023,2023,East,SR008,Kavita Rao,Online,SMB,Electronics,Phones,20,56986.97,0.2,911791.52,510082.6,401708.92,44.06,No
ORD10437,2024-06-26,Jun-2024,Q2-2024,2024,South,SR007,Arjun Mehta,Direct Sales,Enterprise,Food & Beverage,Snacks,17,394.48,0.2,5364.93,2215.89,3149.04,58.7,No
ORD10438,2023-08-27,Aug-2023,Q3-2023,2023,Central,SR010,Ananya Das,Online,SMB,Clothing,Jackets,19,939.73,0,17854.87,8505.26,9349.61,52.36,Yes
ORD10439,2024-08-14,Aug-2024,Q3-2024,2024,Central,SR005,Vikram Singh,Online,Consumer,Food & Beverage,Bakery,7,103.83,0.15,617.79,393.43,224.36,36.32,No
ORD10440,2024-08-22,Aug-2024,Q3-2024,2024,North,SR006,Deepa Nair,Wholesale,SMB,Clothing,Trousers,14,2130.21,0,29822.94,15741.19,14081.75,47.22,Yes
ORD10441,2024-02-28,Feb-2024,Q1-2024,2024,Central,SR010,Ananya Das,Direct Sales,Enterprise,Clothing,Jackets,9,4963.09,0.05,42434.42,26584.81,15849.61,37.35,No
ORD10442,2023-05-22,May-2023,Q2-2023,2023,Central,SR005,Vikram Singh,Online,Consumer,Food & Beverage,Bakery,10,504.36,0.2,4034.88,2467.93,1566.95,38.84,No
ORD10443,2024-07-17,Jul-2024,Q3-2024,2024,South,SR002,Priya Patel,Online,Enterprise,Clothing,Trousers,7,2787.55,0.2,15610.28,7829.04,7781.24,49.85,No
ORD10444,2023-09-27,Sep-2023,Q3-2023,2023,East,SR003,Rahul Verma,Retail Store,SMB,Electronics,Laptops,16,79810.33,0.05,1213117.02,517324.3,695792.72,57.36,No
ORD10445,2024-09-03,Sep-2024,Q3-2024,2024,South,SR007,Arjun Mehta,Online,Enterprise,Food & Beverage,Snacks,13,529.78,0.1,6198.43,3012.07,3186.36,51.41,No
ORD10446,2024-06-06,Jun-2024,Q2-2024,2024,West,SR004,Sneha Gupta,Retail Store,Consumer,Clothing,Shirts,17,1787.03,0,30379.51,19296.7,11082.81,36.48,No
ORD10447,2024-02-14,Feb-2024,Q1-2024,2024,West,SR004,Sneha Gupta,Wholesale,Consumer,Electronics,Tablets,1,83295.21,0,83295.21,58227.11,25068.1,30.1,No
ORD10448,2024-07-16,Jul-2024,Q3-2024,2024,West,SR009,Suresh Kumar,Wholesale,Consumer,Clothing,Trousers,1,3816.16,0,3816.16,2578.78,1237.38,32.42,Yes
ORD10449,2024-02-18,Feb-2024,Q1-2024,2024,North,SR006,Deepa Nair,Online,SMB,Food & Beverage,Dairy,9,258.41,0,2325.69,1247.56,1078.13,46.36,No
ORD10450,2024-06-09,Jun-2024,Q2-2024,2024,West,SR009,Suresh Kumar,Wholesale,Consumer,Clothing,Shirts,3,2764.26,0,8292.78,5673.13,2619.65,31.59,Yes
ORD10451,2024-04-14,Apr-2024,Q2-2024,2024,South,SR007,Arjun Mehta,Direct Sales,Consumer,Office Supplies,Staplers,19,267.63,0,5084.97,3189.51,1895.46,37.28,No
ORD10452,2024-11-24,Nov-2024,Q4-2024,2024,Central,SR005,Vikram Singh,Retail Store,SMB,Clothing,Shirts,3,2222.03,0.2,5332.87,3723.73,1609.14,30.17,No
ORD10453,2023-12-17,Dec-2023,Q4-2023,2023,Central,SR005,Vikram Singh,Online,Consumer,Office Supplies,Pens,8,179.28,0.05,1362.53,820.39,542.14,39.79,No
ORD10454,2024-11-30,Nov-2024,Q4-2024,2024,North,SR006,Deepa Nair,Retail Store,SMB,Clothing,Jackets,7,4524.42,0,31670.94,14405.06,17265.88,54.52,No
ORD10455,2024-09-25,Sep-2024,Q3-2024,2024,Central,SR005,Vikram Singh,Wholesale,Enterprise,Furniture,Desks,7,8042.57,0.2,45038.39,21389.12,23649.27,52.51,No
ORD10456,2023-02-13,Feb-2023,Q1-2023,2023,East,SR008,Kavita Rao,Direct Sales,SMB,Electronics,Laptops,20,15463.66,0.2,247418.56,139158.64,108259.92,43.76,Yes
ORD10457,2023-10-14,Oct-2023,Q4-2023,2023,Central,SR010,Ananya Das,Direct Sales,Enterprise,Office Supplies,Staplers,9,270.86,0.2,1950.19,1315.99,634.2,32.52,Yes
ORD10458,2023-12-22,Dec-2023,Q4-2023,2023,West,SR009,Suresh Kumar,Direct Sales,Consumer,Furniture,Chairs,14,13523.04,0.1,170390.3,69820.63,100569.67,59.02,No
ORD10459,2023-08-04,Aug-2023,Q3-2023,2023,West,SR009,Suresh Kumar,Direct Sales,Consumer,Clothing,Shirts,15,1920.43,0,28806.45,11624.73,17181.72,59.65,No
ORD10460,2024-04-27,Apr-2024,Q2-2024,2024,Central,SR010,Ananya Das,Wholesale,SMB,Office Supplies,Binders,9,134.22,0,1207.98,569.13,638.85,52.89,No
ORD10461,2024-02-15,Feb-2024,Q1-2024,2024,West,SR004,Sneha Gupta,Wholesale,SMB,Clothing,Shoes,14,3653.21,0,51144.94,26059.54,25085.4,49.05,No
ORD10462,2023-08-30,Aug-2023,Q3-2023,2023,Central,SR010,Ananya Das,Direct Sales,SMB,Food & Beverage,Beverages,8,669.93,0.15,4555.52,2191.14,2364.38,51.9,No
ORD10463,2024-10-07,Oct-2024,Q4-2024,2024,East,SR008,Kavita Rao,Wholesale,SMB,Furniture,Desks,1,6885.36,0.05,6541.09,2880.31,3660.78,55.97,No
ORD10464,2023-09-18,Sep-2023,Q3-2023,2023,South,SR007,Arjun Mehta,Direct Sales,Consumer,Office Supplies,Pens,4,360.74,0,1442.96,670.46,772.5,53.54,No
ORD10465,2023-09-21,Sep-2023,Q3-2023,2023,Central,SR005,Vikram Singh,Wholesale,Enterprise,Clothing,Jackets,12,2121.38,0.1,22910.9,15569.18,7341.72,32.04,No
ORD10466,2023-06-28,Jun-2023,Q2-2023,2023,Central,SR010,Ananya Das,Wholesale,SMB,Electronics,Tablets,7,55379.76,0.15,329509.57,195972.29,133537.28,40.53,No
ORD10467,2023-05-29,May-2023,Q2-2023,2023,East,SR008,Kavita Rao,Retail Store,Consumer,Food & Beverage,Bakery,3,366.75,0,1100.25,593.17,507.08,46.09,No
ORD10468,2024-10-30,Oct-2024,Q4-2024,2024,South,SR002,Priya Patel,Wholesale,Consumer,Clothing,Shoes,3,1229,0,3687,1821.54,1865.46,50.6,No
ORD10469,2024-06-17,Jun-2024,Q2-2024,2024,Central,SR005,Vikram Singh,Direct Sales,SMB,Food & Beverage,Bakery,15,646.68,0,9700.2,6056.5,3643.7,37.56,No
ORD10470,2023-03-23,Mar-2023,Q1-2023,2023,East,SR003,Rahul Verma,Retail Store,Enterprise,Furniture,Chairs,8,17564.5,0.15,119438.6,72882.52,46556.08,38.98,No
ORD10471,2024-06-20,Jun-2024,Q2-2024,2024,South,SR002,Priya Patel,Online,Enterprise,Electronics,Laptops,16,53390.36,0,854245.76,539268.36,314977.4,36.87,No
ORD10472,2024-03-29,Mar-2024,Q1-2024,2024,South,SR002,Priya Patel,Retail Store,Enterprise,Food & Beverage,Beverages,13,316.56,0,4115.28,2556.73,1558.55,37.87,Yes
ORD10473,2024-04-23,Apr-2024,Q2-2024,2024,North,SR001,Amit Sharma,Wholesale,Consumer,Furniture,Chairs,12,21928.11,0,263137.32,173479.16,89658.16,34.07,No
ORD10474,2024-07-31,Jul-2024,Q3-2024,2024,Central,SR010,Ananya Das,Direct Sales,Consumer,Furniture,Desks,20,13043.96,0.15,221747.32,130998.41,90748.91,40.92,Yes
ORD10475,2024-01-10,Jan-2024,Q1-2024,2024,East,SR008,Kavita Rao,Direct Sales,SMB,Office Supplies,Binders,18,152.21,0,2739.78,1459.09,1280.69,46.74,No
ORD10476,2023-10-21,Oct-2023,Q4-2023,2023,North,SR001,Amit Sharma,Direct Sales,Consumer,Office Supplies,Pens,17,416.92,0.2,5670.11,2499.9,3170.21,55.91,No
ORD10477,2023-08-25,Aug-2023,Q3-2023,2023,Central,SR005,Vikram Singh,Online,Consumer,Clothing,Shoes,1,3946.41,0.2,3157.13,1540.29,1616.84,51.21,No
ORD10478,2024-10-23,Oct-2024,Q4-2024,2024,West,SR009,Suresh Kumar,Direct Sales,SMB,Furniture,Sofas,14,11684.55,0,163583.7,100519.14,63064.56,38.55,No
ORD10479,2024-12-11,Dec-2024,Q4-2024,2024,South,SR007,Arjun Mehta,Wholesale,SMB,Office Supplies,Pens,8,282.47,0.2,1807.81,1216.63,591.18,32.7,Yes
ORD10480,2024-04-11,Apr-2024,Q2-2024,2024,West,SR004,Sneha Gupta,Direct Sales,SMB,Office Supplies,Staplers,3,132.08,0,396.24,171.61,224.63,56.69,Yes
ORD10481,2023-04-15,Apr-2023,Q2-2023,2023,North,SR006,Deepa Nair,Wholesale,SMB,Clothing,Trousers,1,1184.67,0.1,1066.2,433.56,632.64,59.34,No
ORD10482,2024-03-06,Mar-2024,Q1-2024,2024,West,SR004,Sneha Gupta,Wholesale,SMB,Clothing,Shirts,3,1178.08,0.05,3357.53,1561.78,1795.75,53.48,No
ORD10483,2024-02-06,Feb-2024,Q1-2024,2024,North,SR006,Deepa Nair,Online,Consumer,Clothing,Shirts,3,4295.96,0,12887.88,5371.82,7516.06,58.32,No
ORD10484,2023-09-12,Sep-2023,Q3-2023,2023,Central,SR005,Vikram Singh,Direct Sales,SMB,Furniture,Desks,13,21221.55,0,275880.15,191013.77,84866.38,30.76,No
ORD10485,2024-11-28,Nov-2024,Q4-2024,2024,East,SR008,Kavita Rao,Wholesale,SMB,Electronics,Phones,4,51479.74,0,205918.96,111576.71,94342.25,45.82,No
ORD10486,2023-02-23,Feb-2023,Q1-2023,2023,Central,SR005,Vikram Singh,Retail Store,Enterprise,Electronics,Laptops,16,59696.4,0,955142.4,485334.59,469807.81,49.19,No
ORD10487,2023-09-06,Sep-2023,Q3-2023,2023,North,SR001,Amit Sharma,Online,Enterprise,Clothing,Jackets,6,4074.76,0.1,22003.7,9591.3,12412.4,56.41,Yes
ORD10488,2024-09-25,Sep-2024,Q3-2024,2024,North,SR006,Deepa Nair,Wholesale,Consumer,Clothing,Trousers,3,1619.25,0.05,4614.86,1972.49,2642.37,57.26,No
ORD10489,2023-11-21,Nov-2023,Q4-2023,2023,East,SR003,Rahul Verma,Wholesale,SMB,Electronics,Tablets,18,70402.64,0,1267247.52,692364.31,574883.21,45.36,No
ORD10490,2024-03-24,Mar-2024,Q1-2024,2024,North,SR006,Deepa Nair,Wholesale,Consumer,Electronics,Accessories,5,32548.74,0,162743.7,88791.44,73952.26,45.44,No
ORD10491,2024-09-05,Sep-2024,Q3-2024,2024,West,SR009,Suresh Kumar,Retail Store,Enterprise,Furniture,Desks,12,10120.98,0.05,115379.17,55681.68,59697.49,51.74,Yes
ORD10492,2024-10-15,Oct-2024,Q4-2024,2024,Central,SR005,Vikram Singh,Direct Sales,Consumer,Furniture,Sofas,9,14915.33,0.05,127526.07,51037.97,76488.1,59.98,No
ORD10493,2024-07-05,Jul-2024,Q3-2024,2024,Central,SR010,Ananya Das,Direct Sales,Enterprise,Electronics,Tablets,8,37448.59,0,299588.72,179000.31,120588.41,40.25,Yes
ORD10494,2023-04-09,Apr-2023,Q2-2023,2023,Central,SR010,Ananya Das,Online,Enterprise,Clothing,Trousers,10,1951.7,0.15,16589.45,8238.44,8351.01,50.34,No
ORD10495,2024-10-19,Oct-2024,Q4-2024,2024,West,SR004,Sneha Gupta,Direct Sales,Consumer,Furniture,Chairs,4,13678.15,0,54712.6,22407.28,32305.32,59.05,No
ORD10496,2023-08-02,Aug-2023,Q3-2023,2023,North,SR001,Amit Sharma,Direct Sales,Enterprise,Food & Beverage,Dairy,12,254.51,0.15,2596,1093.6,1502.4,57.87,No
ORD10497,2024-09-23,Sep-2024,Q3-2024,2024,West,SR009,Suresh Kumar,Wholesale,Consumer,Electronics,Tablets,14,72541.86,0.2,812468.83,497661.64,314807.19,38.75,No
ORD10498,2023-08-25,Aug-2023,Q3-2023,2023,South,SR002,Priya Patel,Direct Sales,Enterprise,Electronics,Tablets,7,82241.07,0,575687.49,247757.21,327930.28,56.96,No
ORD10499,2023-04-19,Apr-2023,Q2-2023,2023,Central,SR010,Ananya Das,Wholesale,Consumer,Food & Beverage,Beverages,6,490.9,0.1,2650.86,1390.52,1260.34,47.54,No
ORD10500,2023-06-11,Jun-2023,Q2-2023,2023,East,SR003,Rahul Verma,Direct Sales,SMB,Clothing,Shirts,6,2974.84,0.1,16064.14,8052.21,8011.93,49.87,No
,,,,,,,,,,,,,,,,,,,
,,,,,,,,,,,,,,,,,,,
,,,,,,,,,,,,,,,,,,,
,,,,,,,,,,,,,,,,,,,
,,,,,,,,,,,,,,,,,,,
